Abalos Colles,76.83,288.35,235830.00,3396200.00,AA
Abalos Mensa,81.17,284.40,129180.00,3396200.00,AA
Abalos Scopuli,80.72,283.44,109160.00,3396200.00,AA
Abalos Undae,78.52,272.50,442740.00,3396200.00,AA
Aban,15.91,111.10,4280.00,3396200.00,AA
Abus Vallis,-5.49,212.80,60990.00,3396200.00,ME
Achar,45.43,123.16,5360.00,3396200.00,AA
Acheron Catena,37.47,259.20,421770.00,3396200.00,AA
Acheron Fossae,38.27,224.98,703110.00,3396200.00,ME
Acidalia Colles,50.34,336.91,356300.00,3396200.00,AA
Acidalia Mensa,46.69,334.66,226860.00,3396200.00,AA
Acidalia Planitia,49.76,339.26,3362970.00,3396200.00,ME
Ada,-3.06,356.78,2090.00,3396200.00,AA
Adamas Labyrinthus,35.70,105.12,853000.00,3396200.00,AA
Adams,30.91,163.10,90220.00,3396200.00,AA
Aeolis,-4.94,145.00,0.00,3396200.00,AA
Aeolis Dorsa,-5.05,152.63,459170.00,3396200.00,AA
Aeolis Mensae,-3.25,140.63,785090.00,3396200.00,AA
Aeolis Mons,-5.08,137.85,88990.00,3396200.00,MO
Aeolis Palus,-4.47,137.42,111630.00,3396200.00,AA
Aeolis Planum,-1.14,144.76,852810.00,3396200.00,ME
Aeolis Serpens,-1.38,149.57,538550.00,3396200.00,AA
Aeria,9.88,50.00,0.00,3396200.00,AA
Aesacus Dorsum,36.82,153.15,276690.00,3396200.00,AA
Aetheria,39.67,130.00,0.00,3396200.00,AA
Aethiopis,9.88,130.00,0.00,3396200.00,AA
Aganippe Fossa,-8.49,234.00,537160.00,3396200.00,AA
Agassiz,-69.88,271.11,108770.00,3396200.00,AA
Airy,-5.14,0.05,43050.00,3396200.00,AA
Airy-0,-5.07,0.00,790.00,3396200.00,AA
Ajon,16.49,103.14,8080.00,3396200.00,AA
Aki,-35.46,299.76,7870.00,3396200.00,AA
Aktaj,20.41,313.51,5010.00,3396200.00,AA
Alamos,23.48,322.88,6440.00,3396200.00,AA
Alba Catena,35.04,245.42,144860.00,3396200.00,AA
Alba Fossae,49.39,253.18,2072020.00,3396200.00,ME
Alba Mons,41.08,249.29,548020.00,3396200.00,MO
Albany,22.96,310.98,2150.00,3396200.00,AA
Alba Patera,39.53,250.82,65980.00,3396200.00,AA
Albi,-41.47,324.99,9070.00,3396200.00,AA
Albor Fossae,18.09,150.78,155000.00,3396200.00,ME
Albor Tholus,18.87,150.47,158380.00,3396200.00,AA
Alexey Tolstoy,-47.44,125.34,93040.00,3396200.00,AA
Alga,-24.34,333.32,18720.00,3396200.00,AA
Alitus,-34.91,321.86,50000.00,3396200.00,AA
Allegheny Vallis,-9.01,306.10,171080.00,3396200.00,ME
Alpheus Colles,-39.38,61.53,633030.00,3396200.00,AA
Al-Qahira Vallis,-18.23,162.41,600000.00,3396200.00,ME
Amazonis,0.00,220.00,0.00,3396200.00,AA
Amazonis Mensa,-1.98,213.10,414040.00,3396200.00,AA
Amazonis Planitia,25.75,197.09,2809040.00,3396200.00,ME
Amazonis Sulci,-2.15,216.29,250590.00,3396200.00,AA
Amenthes,4.94,110.00,0.00,3396200.00,AA
Amenthes Cavi,16.23,114.52,1330500.00,3396200.00,AA
Amenthes Fossae,9.07,102.68,850000.00,3396200.00,ME
Amenthes Planum,3.40,105.92,0.00,3396200.00,ME
Amenthes Rupes,1.51,110.68,335250.00,3396200.00,AA
[Amet],23.45,302.60,0.00,3396200.00,AA
[Ammonii Rupes],-6.52,175.80,100000.00,3396200.00,AA
Amphitrites Patera,-58.70,60.87,129800.00,3396200.00,AA
Amsterdam,23.00,313.00,1660.00,3396200.00,AA
Angu,20.01,105.64,2080.00,3396200.00,AA
[Angusta Patera],-80.59,280.50,15400.00,3396200.00,AA
Angustus Labyrinthus,-81.62,296.61,67520.00,3396200.00,AA
Aniak,-31.84,290.44,50970.00,3396200.00,AA
Anio Valles,37.75,55.89,54000.00,3396200.00,ME
Annapolis,23.16,312.27,1110.00,3396200.00,AA
[Anseris Cavus],-29.71,95.50,35000.00,3396200.00,AA
Anseris Mons,-29.81,86.65,52510.00,3396200.00,MO
Antoniadi,21.38,60.83,400950.00,3396200.00,AA
Aonia Mons,-53.33,272.08,27070.00,3396200.00,MO
Aonia Planum,-57.90,281.33,563450.00,3396200.00,ME
Aonia Terra,-60.20,262.95,3873480.00,3396200.00,ME
Aonia Tholus,-59.04,279.96,53690.00,3396200.00,AA
Aonium Sinus,-44.66,255.00,0.00,3396200.00,AA
Apia,-37.28,89.02,10060.00,3396200.00,AA
[Apodis Catena],-26.93,103.20,0.00,3396200.00,AA
Apollinaris Mons,-9.17,174.79,275400.00,3396200.00,MO
Apollinaris Patera,-8.57,174.18,89600.00,3396200.00,AA
Apollinaris Sulci,-11.06,177.47,188640.00,3396200.00,AA
Apollinaris Tholus,-17.64,175.75,32390.00,3396200.00,AA
Apsus Vallis,34.91,134.99,121560.00,3396200.00,ME
Apt,39.88,350.53,9570.00,3396200.00,AA
Arabia,19.78,30.00,0.00,3396200.00,AA
Arabia Terra,21.25,5.72,4851740.00,3396200.00,ME
Arago,10.22,29.93,152350.00,3396200.00,AA
Aram Chaos,2.52,337.61,283810.00,3396200.00,AA
Aram Dorsum,7.80,348.76,83310.00,3396200.00,AA
Arandas,42.41,344.97,24760.00,3396200.00,AA
Arcadia,44.66,260.00,0.00,3396200.00,AA
Arcadia Dorsa,55.90,222.44,1952650.00,3396200.00,AA
Arcadia Planitia,47.19,184.31,1871970.00,3396200.00,ME
Arda Valles,-20.40,327.69,173670.00,3396200.00,ME
Arena Colles,24.63,82.93,580120.00,3396200.00,AA
Arena Dorsum,12.71,68.94,372030.00,3396200.00,AA
[Arena Rupes],13.35,70.50,375000.00,3396200.00,AA
Ares Vallis,10.29,334.39,1757670.00,3396200.00,ME
Argas,23.33,309.83,3550.00,3396200.00,AA
Argentea Planum,-72.49,298.33,1370640.00,3396200.00,ME
Argyre,-44.66,335.00,0.00,3396200.00,AA
Argyre Cavi,-48.31,319.88,72330.00,3396200.00,AA
Argyre Mons,-50.37,311.91,60580.00,3396200.00,MO
Argyre Planitia,-49.84,316.69,892930.00,3396200.00,ME
Argyre Rupes,-62.15,291.25,335420.00,3396200.00,AA
Ariadnes Colles,-34.50,172.78,188010.00,3396200.00,AA
Arica,-23.80,110.24,15770.00,3396200.00,AA
Arima,-15.84,296.32,53590.00,3396200.00,AA
Arimanes Rupes,-9.84,212.30,192670.00,3396200.00,AA
Arkhangelsky,-41.09,335.21,116830.00,3396200.00,AA
Arnon,47.66,25.00,0.00,3396200.00,AA
Arnus Vallis,13.97,70.61,311610.00,3396200.00,ME
Aromatum Chaos,-1.03,317.03,72800.00,3396200.00,AA
Arrhenius,-40.04,122.71,122720.00,3396200.00,AA
Arsia Chasmata,-7.47,240.65,97060.00,3396200.00,AA
Arsia Mons,-8.26,239.91,470000.00,3396200.00,MO
Arsia Sulci,-6.29,230.19,500000.00,3396200.00,AA
Arsinoes Chaos,-7.66,332.08,200080.00,3396200.00,AA
Arta,21.38,305.71,3960.00,3396200.00,AA
Artik,-34.80,130.98,5360.00,3396200.00,AA
Artynia Catena,47.69,240.55,279280.00,3396200.00,AA
Asau,-3.63,154.68,25050.00,3396200.00,AA
Ascraeus Chasmata,8.77,254.37,105200.00,3396200.00,AA
Ascraeus Mensa,11.72,252.11,34860.00,3396200.00,AA
Ascraeus Mons,11.92,255.92,456400.00,3396200.00,MO
Ascraeus Sulci,12.06,251.25,138700.00,3396200.00,AA
Ascuris Planum,40.59,279.22,617660.00,3396200.00,ME
Asimov,-46.97,4.93,80820.00,3396200.00,AA
Asopus Vallis,-4.29,210.39,40820.00,3396200.00,ME
Aspen,-21.39,336.85,18480.00,3396200.00,AA
Aspledon Undae,73.06,309.65,215200.00,3396200.00,AA
Astapus Colles,35.46,88.08,597000.00,3396200.00,AA
Athabasca Valles,8.54,155.01,270000.00,3396200.00,ME
Atlantis Chaos,-34.28,182.69,181370.00,3396200.00,AA
[Atrax Dorsum],38.19,271.00,33860.00,3396200.00,AA
Atrax Fossa,38.19,271.02,34420.00,3396200.00,AA
Auqakuh Vallis,30.25,60.41,347000.00,3396200.00,ME
Aureum Chaos,-3.89,333.04,351030.00,3396200.00,AA
Aurorae Chaos,-8.47,325.19,713920.00,3396200.00,AA
Aurorae Planum,-10.41,311.38,564490.00,3396200.00,ME
Aurorae Sinus,-14.83,310.00,0.00,3396200.00,AA
Ausonia,-39.67,110.00,0.00,3396200.00,AA
Ausonia Cavus,-31.92,96.55,49500.00,3396200.00,AA
Ausonia Mensa,-30.02,97.72,102510.00,3396200.00,AA
Ausonia Montes,-25.42,99.04,333130.00,3396200.00,AA
Australe Lingula,-84.05,68.56,436330.00,3396200.00,AA
Australe Mensa,-86.88,357.24,172000.00,3396200.00,AA
Australe Montes,-80.19,14.05,411670.00,3396200.00,AA
Australe Scopuli,-83.48,247.06,504580.00,3396200.00,AA
Australe Sulci,-84.99,133.06,357910.00,3396200.00,AA
[Australis Patera],-80.09,308.30,12700.00,3396200.00,AA
[Australis Tholus],-58.70,37.00,40000.00,3396200.00,AA
Auxo Dorsum,-55.72,318.24,82050.00,3396200.00,AA
Avarua,-35.93,109.66,49990.00,3396200.00,AA
Aveiro,21.28,281.03,9110.00,3396200.00,AA
Avernus Cavi,-3.72,172.52,115000.00,3396200.00,AA
Avernus Colles,-1.73,171.02,238700.00,3396200.00,AA
Avernus Dorsa,-6.03,170.90,296590.00,3396200.00,AA
Avernus Rupes,-9.20,172.80,223320.00,3396200.00,AA
Avire,-40.82,200.24,6850.00,3396200.00,AA
Axius Valles,-54.53,70.72,435950.00,3396200.00,ME
Ayacucho,38.18,267.97,2590.00,3396200.00,AA
Ayr,-38.98,91.58,12740.00,3396200.00,AA
Azul,-42.07,317.49,19530.00,3396200.00,AA
Azusa,-5.48,319.68,39250.00,3396200.00,AA
Babakin,-36.00,288.56,76660.00,3396200.00,AA
Bacht,18.66,102.70,7860.00,3396200.00,AA
Bacolor,32.99,118.60,21580.00,3396200.00,AA
Bada,20.35,309.31,2520.00,3396200.00,AA
Baetis Chaos,-0.17,299.60,66660.00,3396200.00,AA
Baetis Chasma,-4.29,295.13,92210.00,3396200.00,AA
Baetis Mensa,-5.17,287.55,181100.00,3396200.00,AA
Bahn,-3.50,316.68,11930.00,3396200.00,AA
Bahram Vallis,20.42,302.86,269680.00,3396200.00,ME
Bak,18.05,103.78,3130.00,3396200.00,AA
Bakhuysen,-22.97,15.73,152900.00,3396200.00,AA
Balboa,-3.82,326.12,21950.00,3396200.00,AA
Baldet,22.76,65.48,181310.00,3396200.00,AA
Balta,-23.82,333.45,17280.00,3396200.00,AA
Baltia,59.71,310.00,0.00,3396200.00,AA
Baltisk,-42.27,305.34,50750.00,3396200.00,AA
Balvicar,16.20,306.76,20350.00,3396200.00,AA
Bamba,-3.36,318.41,22570.00,3396200.00,AA
Bamberg,39.71,356.90,55700.00,3396200.00,AA
Banff,17.51,329.29,5000.00,3396200.00,AA
Banh,19.42,304.50,14400.00,3396200.00,AA
Baphyras Catena,38.83,275.84,95520.00,3396200.00,AA
Bar,-25.25,340.50,2060.00,3396200.00,AA
Barabashov,47.33,291.25,120670.00,3396200.00,AA
Barnard,-61.06,61.59,121110.00,3396200.00,AA
Baro,-24.80,110.70,16930.00,3396200.00,AA
Barsukov,7.97,330.98,68450.00,3396200.00,AA
Bashkaus Valles,-25.68,356.74,246930.00,3396200.00,ME
Basin,17.82,107.00,15530.00,3396200.00,AA
[Bathys Planum],-42.66,254.00,626000.00,3396200.00,ME
Batoka,-7.55,323.35,14960.00,3396200.00,AA
Batoş,21.50,330.50,17330.00,3396200.00,AA
Baucau,-28.37,304.90,17940.00,3396200.00,AA
Baykonyr,46.41,132.68,3900.00,3396200.00,AA
Bazas,-27.78,93.38,16430.00,3396200.00,AA
Becquerel,21.89,352.06,165230.00,3396200.00,AA
Beer,-14.47,351.83,85500.00,3396200.00,AA
Beloha,-39.58,56.71,31740.00,3396200.00,AA
Beltra,18.01,102.40,7170.00,3396200.00,AA
Belyov,-45.02,201.99,200.00,3396200.00,AA
Belz,21.57,316.77,10210.00,3396200.00,AA
Bend,-22.40,332.26,3700.00,3396200.00,AA
Bentham,-55.78,319.45,11360.00,3396200.00,AA
Bentong,-22.31,340.96,10320.00,3396200.00,AA
Bernard,-23.24,205.79,128100.00,3396200.00,AA
Berseba,-4.40,322.40,36830.00,3396200.00,AA
Beruri,5.27,81.24,45120.00,3396200.00,AA
Betio,-23.13,281.35,32440.00,3396200.00,AA
Bhor,41.75,134.53,5730.00,3396200.00,AA
Bianchini,-63.85,264.71,70710.00,3396200.00,AA
Biblis Patera,2.36,236.18,53650.00,3396200.00,AA
Biblis Tholus,2.52,235.62,168600.00,3396200.00,AA
Bigbee,-24.78,325.25,20860.00,3396200.00,AA
Bira,25.10,314.46,2700.00,3396200.00,AA
Bise,20.22,303.17,9210.00,3396200.00,AA
Bison,-26.31,330.85,15280.00,3396200.00,AA
Bjerknes,-43.01,171.48,88640.00,3396200.00,AA
Bland,18.30,108.76,6630.00,3396200.00,AA
Bled,21.58,328.54,7690.00,3396200.00,AA
Blitta,-25.90,339.04,12950.00,3396200.00,AA
Blois,23.60,304.15,11580.00,3396200.00,AA
Bluff,23.47,110.03,6750.00,3396200.00,AA
Blunck,-27.23,323.10,66490.00,3396200.00,AA
Boeddicker,-14.82,162.49,107120.00,3396200.00,AA
Bogia,-44.31,83.27,37680.00,3396200.00,AA
Bogra,-24.16,331.20,21310.00,3396200.00,AA
Bok,20.58,328.40,7340.00,3396200.00,AA
Bole,25.35,306.01,8540.00,3396200.00,AA
Bombala,-27.60,106.13,37140.00,3396200.00,AA
Bond,-32.79,324.06,104690.00,3396200.00,AA
Bonestell,42.00,329.61,40670.00,3396200.00,AA
Boola,81.26,254.81,17250.00,3396200.00,AA
Bopolu,-2.96,353.70,18890.00,3396200.00,AA
Bor,18.17,326.32,4280.00,3396200.00,AA
Bordeaux,23.13,311.11,2010.00,3396200.00,AA
Boreales Scopuli,88.88,269.84,1130.00,3396200.00,AA
Boreosyrtis,54.68,70.00,0.00,3396200.00,AA
Boreum Cavus,84.64,339.85,62130.00,3396200.00,AA
Boru,-24.34,332.13,10870.00,3396200.00,AA
Bosporos Planum,-33.87,295.51,729580.00,3396200.00,ME
Bosporos Rupes,-42.74,302.45,531420.00,3396200.00,AA
Bouguer,-18.46,27.27,107780.00,3396200.00,AA
Boulia,-22.89,111.32,9990.00,3396200.00,AA
Bozkir,-44.14,327.82,79890.00,3396200.00,AA
Brashear,-53.81,240.97,77450.00,3396200.00,AA
Brazos Valles,-6.08,18.70,387510.00,3396200.00,ME
Bremerhaven,23.70,311.36,2690.00,3396200.00,AA
Briault,-9.98,89.68,93060.00,3396200.00,AA
Bridgetown,21.90,312.92,1570.00,3396200.00,AA
Bristol,22.09,313.07,3000.00,3396200.00,AA
Broach,23.51,303.11,11310.00,3396200.00,AA
Bronkhorst,-10.70,304.79,17750.00,3396200.00,AA
Brush,21.70,111.34,6490.00,3396200.00,AA
Bulhar,50.36,134.52,18240.00,3396200.00,AA
Bunge,-33.82,311.41,70830.00,3396200.00,AA
Burroughs,-72.29,117.10,112690.00,3396200.00,AA
Burton,-13.88,203.67,119260.00,3396200.00,AA
Buta,-23.25,327.59,11270.00,3396200.00,AA
Butte,-5.08,321.09,12550.00,3396200.00,AA
Buvinda Vallis,33.17,151.96,134170.00,3396200.00,ME
Byala,-25.73,293.53,26230.00,3396200.00,AA
Byrd,-65.22,127.83,123270.00,3396200.00,AA
Byske,-4.97,326.05,12560.00,3396200.00,AA
Cádiz,23.15,310.97,1380.00,3396200.00,AA
Cairns,23.56,312.54,8730.00,3396200.00,AA
Calahorra,26.46,321.35,34220.00,3396200.00,AA
Calamar,18.27,305.13,7210.00,3396200.00,AA
Calbe,-25.14,331.13,13140.00,3396200.00,AA
Calydon Fossa,-7.43,272.02,351250.00,3396200.00,AA
Camargo,17.70,109.64,4770.00,3396200.00,AA
Camichel,2.26,308.39,65260.00,3396200.00,AA
Camiling,-0.71,322.00,21910.00,3396200.00,AA
Camiri,-44.65,317.83,31360.00,3396200.00,AA
Campbell,-54.25,165.58,125260.00,3396200.00,AA
Campos,-21.80,332.19,8250.00,3396200.00,AA
Can,48.21,345.41,8620.00,3396200.00,AA
Canala,24.35,279.92,12000.00,3396200.00,AA
Cañas,-31.19,89.86,41520.00,3396200.00,AA
Canaveral,46.83,135.83,3180.00,3396200.00,AA
Canberra,47.20,132.66,3100.00,3396200.00,AA
Candor,2.96,285.00,0.00,3396200.00,AA
Candor Chaos,-6.94,287.42,0.00,3396200.00,AA
Candor Chasma,-6.53,289.22,810610.00,3396200.00,AA
Candor Colles,-6.63,284.43,37380.00,3396200.00,AA
Candor Labes,-4.79,284.01,134940.00,3396200.00,AA
Candor Mensa,-6.26,286.48,116560.00,3396200.00,AA
Candor Sulci,-4.92,283.15,73360.00,3396200.00,AA
Cangwu,41.85,270.41,13640.00,3396200.00,AA
Canillo,10.23,116.48,33930.00,3396200.00,AA
Cankuzo,-19.42,52.03,48450.00,3396200.00,AA
Canso,21.36,299.38,26420.00,3396200.00,AA
Cantoura,14.84,308.28,51590.00,3396200.00,AA
Capen,6.58,14.31,68990.00,3396200.00,AA
Capri Chasma,-8.27,317.93,1471560.00,3396200.00,AA
Capri Mensa,-13.73,312.81,282350.00,3396200.00,AA
Cartago,-23.25,342.03,36570.00,3396200.00,AA
Casius,39.67,100.00,0.00,3396200.00,AA
Cassini,23.35,32.11,408230.00,3396200.00,AA
Castril,-14.70,175.30,2190.00,3396200.00,AA
Cave,21.61,324.36,8200.00,3396200.00,AA
Cavi Angusti,-78.16,285.25,640040.00,3396200.00,AA
[Cavi Frigores],-78.97,300.20,228000.00,3396200.00,AA
[Cavi Novi],-67.26,30.00,535000.00,3396200.00,AA
Caxias,-28.95,259.32,25880.00,3396200.00,AA
Cayon,-35.93,113.62,27310.00,3396200.00,AA
Cebrenia,49.67,150.00,0.00,3396200.00,AA
Cecropia,59.71,40.00,0.00,3396200.00,AA
Cefalù,23.64,321.11,5530.00,3396200.00,AA
Centauri Montes,-38.67,95.52,271000.00,3396200.00,AA
Ceraunius,19.78,267.00,0.00,3396200.00,AA
Ceraunius Catena,37.10,251.91,50490.00,3396200.00,AA
Ceraunius Fossae,27.00,249.85,1166630.00,3396200.00,ME
Ceraunius Tholus,24.00,262.75,128580.00,3396200.00,AA
Cerberus,14.83,155.00,0.00,3396200.00,AA
Cerberus Dorsa,-13.74,105.29,623050.00,3396200.00,AA
Cerberus Fossae,11.28,166.37,1235000.00,3396200.00,ME
Cerberus Palus,5.78,148.15,466680.00,3396200.00,AA
[Cerberus Rupes],8.30,164.60,1254000.00,3396200.00,AA
Cerberus Tholi,4.48,164.41,698000.00,3396200.00,AA
Cerulli,32.20,22.12,114280.00,3396200.00,AA
Ceti Chasma,-5.03,291.63,49770.00,3396200.00,AA
Ceti Labes,-6.78,284.27,11050.00,3396200.00,AA
Ceti Mensa,-5.89,283.98,133950.00,3396200.00,AA
Chafe,15.10,102.41,4670.00,3396200.00,AA
Chalce,-49.67,360.00,0.00,3396200.00,AA
Chalce Fossa,-51.67,320.41,33970.00,3396200.00,AA
Chalce Montes,-53.72,322.35,100000.00,3396200.00,AA
Chalcoporos Rupes,-55.64,20.57,404980.00,3396200.00,AA
Chaman,-60.86,50.96,47920.00,3396200.00,AA
Chamberlin,-65.84,235.71,120250.00,3396200.00,AA
Changsŏng,23.47,302.66,33540.00,3396200.00,AA
Chapais,-22.35,339.45,36670.00,3396200.00,AA
Charis Dorsum,-55.86,318.53,251000.00,3396200.00,AA
Charitum Montes,-58.10,319.71,933540.00,3396200.00,AA
[Charitum Tholus],-54.68,319.00,0.00,3396200.00,AA
Charleston,22.63,312.20,1960.00,3396200.00,AA
Charlier,-68.56,191.53,106280.00,3396200.00,AA
Charlieu,38.15,276.01,18630.00,3396200.00,AA
Charybdis Scopulus,-24.14,20.08,551260.00,3396200.00,AA
Chasma Australe,-82.35,95.03,352610.00,3396200.00,AA
Chasma Boreale,82.54,312.36,459880.00,3396200.00,AA
Chatturat,35.38,265.06,7840.00,3396200.00,AA
Chauk,23.35,304.09,9970.00,3396200.00,AA
Cheb,-24.20,340.56,8280.00,3396200.00,AA
Chefu,-22.91,112.24,11270.00,3396200.00,AA
Chekalin,-24.28,333.19,87780.00,3396200.00,AA
Chersonesus,-49.67,100.00,0.00,3396200.00,AA
Chia,1.57,300.35,91910.00,3396200.00,AA
Chico Valles,-66.77,207.77,446350.00,3396200.00,ME
Chimbote,-1.42,320.32,62860.00,3396200.00,AA
Chincoteague,41.20,124.12,34030.00,3396200.00,AA
Chinju,-4.52,317.86,65710.00,3396200.00,AA
Chinook,22.50,304.54,18100.00,3396200.00,AA
Chive,21.68,303.99,9100.00,3396200.00,AA
Choctaw,-41.19,322.76,23960.00,3396200.00,AA
Chom,38.57,357.48,5580.00,3396200.00,AA
Chronius Mons,-61.49,178.01,56140.00,3396200.00,MO
Chryse,9.88,330.00,0.00,3396200.00,AA
Chryse Chaos,9.86,322.81,658890.00,3396200.00,AA
Chryse Colles,8.15,318.14,48660.00,3396200.00,AA
Chryse Planitia,28.43,319.69,1542440.00,3396200.00,ME
Chrysokeras,-49.67,250.00,0.00,3396200.00,AA
Chupadero,6.13,83.43,8040.00,3396200.00,AA
Chur,16.93,330.69,4390.00,3396200.00,AA
Circle,-22.17,334.47,11800.00,3396200.00,AA
Clanis Valles,33.24,58.47,58000.00,3396200.00,ME
Claritas,-34.68,250.00,0.00,3396200.00,AA
Claritas Fossae,-27.89,255.76,2030640.00,3396200.00,ME
Claritas Rupes,-25.04,254.74,952870.00,3396200.00,AA
Clark,-55.14,226.80,97500.00,3396200.00,AA
Clasia Vallis,33.77,57.04,147000.00,3396200.00,ME
Cleia Dorsum,-54.86,314.01,131690.00,3396200.00,AA
Clogh,20.56,312.33,11200.00,3396200.00,AA
Clota Vallis,-25.59,339.50,114360.00,3396200.00,ME
Clova,21.47,307.95,7750.00,3396200.00,AA
Cluny,-23.86,332.70,14840.00,3396200.00,AA
Cobalt,-25.79,332.97,10530.00,3396200.00,AA
Coblentz,-54.90,269.69,101750.00,3396200.00,AA
Cobres,-11.70,206.40,93760.00,3396200.00,AA
Coimbra,4.18,354.69,34530.00,3396200.00,AA
Colles Nili,38.72,62.88,653670.00,3396200.00,AA
Coloe Fossae,36.65,56.78,575890.00,3396200.00,ME
Colón,22.75,312.93,1360.00,3396200.00,AA
Columbia Valles,-9.44,317.10,84820.00,3396200.00,ME
Columbus,-29.29,194.02,112600.00,3396200.00,AA
Comas Sola,-19.59,201.49,120240.00,3396200.00,AA
Conches,-4.22,325.80,20890.00,3396200.00,AA
Concord,16.53,325.98,20460.00,3396200.00,AA
Coogoon Valles,17.19,338.26,300000.00,3396200.00,ME
Cooma,-23.69,251.65,17850.00,3396200.00,AA
Copais Palus,54.68,80.00,0.00,3396200.00,AA
Copernicus,-48.84,191.17,301830.00,3396200.00,AA
Coprates,-14.83,295.00,0.00,3396200.00,AA
Coprates Catena,-15.00,297.91,302060.00,3396200.00,AA
Coprates Chasma,-13.37,299.26,958310.00,3396200.00,AA
Coprates Labes,-11.82,292.21,61970.00,3396200.00,AA
Coracis Fossae,-35.82,279.14,748960.00,3396200.00,ME
Corby,42.88,137.56,6620.00,3396200.00,AA
Corinto,16.95,141.71,13690.00,3396200.00,AA
Coronae Montes,-34.31,86.11,247400.00,3396200.00,AA
Coronae Scopulus,-33.26,64.94,245240.00,3396200.00,AA
Corozal,-38.79,159.42,8330.00,3396200.00,AA
Cost,14.98,104.02,11070.00,3396200.00,AA
Cray,44.10,343.88,6980.00,3396200.00,AA
Creel,-6.05,321.15,9190.00,3396200.00,AA
Crewe,-24.84,340.47,3680.00,3396200.00,AA
Crivitz,-14.55,174.79,6190.00,3396200.00,AA
Crommelin,5.08,349.86,110080.00,3396200.00,AA
Cross,-30.20,202.31,66570.00,3396200.00,AA
Crotone,82.21,290.69,6280.00,3396200.00,AA
Cruls,-42.91,163.03,87890.00,3396200.00,AA
Cruz,38.46,358.03,5330.00,3396200.00,AA
Cue,-35.84,93.23,10540.00,3396200.00,AA
Culter,-8.84,306.07,4870.00,3396200.00,AA
Curie,28.78,355.25,111110.00,3396200.00,AA
Cusus Valles,14.05,50.37,250240.00,3396200.00,ME
Cyane Catena,36.25,241.70,204060.00,3396200.00,AA
Cyane Fossae,31.25,238.83,913170.00,3396200.00,ME
Cyane Sulci,25.40,231.34,335940.00,3396200.00,AA
Cyclopia,-4.94,130.00,0.00,3396200.00,AA
Cydnus Rupes,52.53,112.21,1550810.00,3396200.00,AA
Cydonia,39.67,360.00,0.00,3396200.00,AA
Cydonia Colles,39.07,347.78,362780.00,3396200.00,AA
Cydonia Labyrinthus,41.29,347.94,344050.00,3396200.00,AA
Cydonia Mensae,34.56,347.67,764960.00,3396200.00,AA
Cypress,-47.28,312.65,14670.00,3396200.00,AA
Daan,-40.48,91.58,12220.00,3396200.00,AA
Daedalia Planum,-18.35,234.05,1922020.00,3396200.00,ME
Daet,-7.29,318.20,10580.00,3396200.00,AA
Daga Vallis,-12.07,317.58,49860.00,3396200.00,ME
Daly,-66.29,336.88,79720.00,3396200.00,AA
Dana,-72.49,327.21,88490.00,3396200.00,AA
Danielson,7.97,352.95,64300.00,3396200.00,AA
Dank,21.96,107.00,8290.00,3396200.00,AA
Dao Vallis,-37.61,88.89,794000.00,3396200.00,ME
Darvel,17.78,308.99,22360.00,3396200.00,AA
Darwin,-56.97,340.85,176380.00,3396200.00,AA
Davies,45.96,0.09,48060.00,3396200.00,AA
Da Vinci,1.47,320.74,96300.00,3396200.00,AA
Dawes,-9.11,38.06,185320.00,3396200.00,AA
Deba,-23.95,342.70,8800.00,3396200.00,AA
Dein,38.21,357.49,25520.00,3396200.00,AA
Dejnev,-25.14,195.36,152090.00,3396200.00,AA
Delta,-45.96,320.83,7890.00,3396200.00,AA
Deltoton Sinus,-3.95,55.00,0.00,3396200.00,AA
Denning,-17.43,33.52,159710.00,3396200.00,AA
Depressio Hellespontica,-59.71,20.00,0.00,3396200.00,AA
Dersu,22.64,308.11,5880.00,3396200.00,AA
Dese,-45.41,329.39,13140.00,3396200.00,AA
Deseado,-80.62,70.29,27000.00,3396200.00,AA
Dessau,-42.76,306.87,9950.00,3396200.00,AA
Deucalionis Regio,-14.83,20.00,0.00,3396200.00,AA
Deuteronilus,34.68,360.00,0.00,3396200.00,AA
Deuteronilus Colles,41.95,21.70,59010.00,3396200.00,AA
Deuteronilus Mensae,45.11,23.92,919170.00,3396200.00,AA
de Vaucouleurs,-13.31,171.00,302270.00,3396200.00,AA
[Deva Valles],-7.81,203.10,0.00,3396200.00,ME
Deva Vallis,-7.67,203.13,53650.00,3396200.00,ME
Dia-Cau,-0.36,317.34,29470.00,3396200.00,AA
Diacria,49.67,180.00,0.00,3396200.00,AA
[Diacria Patera],34.58,227.40,65500.00,3396200.00,AA
Dilly,13.27,157.22,2130.00,3396200.00,AA
Dingo,-23.71,342.51,15560.00,3396200.00,AA
Dinorwic,-30.03,258.54,51330.00,3396200.00,AA
Dioscuria,49.67,40.00,0.00,3396200.00,AA
Dison,-25.03,343.50,20670.00,3396200.00,AA
Dittaino Valles,-1.43,293.14,157420.00,3396200.00,ME
Dixie,17.78,304.09,28440.00,3396200.00,AA
Doanus Vallis,-63.02,334.41,139910.00,3396200.00,ME
Doba,10.92,119.62,25890.00,3396200.00,AA
Dogana,-10.01,306.33,41200.00,3396200.00,AA
Dokka,77.17,214.24,51100.00,3396200.00,AA
Dokuchaev,-60.62,232.92,74740.00,3396200.00,AA
Dollfus,-21.59,355.74,363080.00,3396200.00,AA
Domoni,51.38,234.39,13820.00,3396200.00,AA
Doon,23.53,109.51,3790.00,3396200.00,AA
Dorsa Argentea,-77.63,326.61,339260.00,3396200.00,AA
Dorsa Brevia,-71.05,63.18,650990.00,3396200.00,AA
Douglass,-51.34,289.46,92950.00,3396200.00,AA
Dowa,-31.66,110.24,40840.00,3396200.00,AA
Downe,-15.98,175.78,28130.00,3396200.00,AA
Drava Valles,-48.86,165.99,159030.00,3396200.00,ME
Drilon Vallis,7.17,307.66,118530.00,3396200.00,ME
[Drinus Valles],-22.96,342.50,0.00,3396200.00,ME
Dromore,19.88,310.42,14750.00,3396200.00,AA
Dubis Vallis,-5.16,211.87,45420.00,3396200.00,ME
Dubki,-34.97,304.80,9190.00,3396200.00,AA
Dukhan,7.76,320.86,34040.00,3396200.00,AA
Dulovo,3.62,84.56,17380.00,3396200.00,AA
Du Martheray,5.45,93.58,96120.00,3396200.00,AA
Dunhuang,-80.84,311.47,11730.00,3396200.00,AA
Durius Valles,-17.30,171.98,240000.00,3396200.00,ME
Dush,22.49,305.98,2390.00,3396200.00,AA
Du Toit,-71.62,310.40,81820.00,3396200.00,AA
Dzeng,-80.51,289.53,10880.00,3396200.00,AA
Dzigai Vallis,-58.10,323.41,327310.00,3396200.00,ME
Eads,-28.48,330.09,2740.00,3396200.00,AA
Eagle,43.81,351.83,12500.00,3396200.00,AA
Eberswalde,-23.98,326.70,62190.00,3396200.00,AA
Echt,-21.97,331.81,2150.00,3396200.00,AA
Echus Chaos,10.79,285.28,480510.00,3396200.00,AA
Echus Chasma,2.47,280.04,391100.00,3396200.00,AA
Echus Fossae,2.61,283.25,421030.00,3396200.00,ME
Echus Montes,7.81,282.05,397060.00,3396200.00,AA
Edam,-26.28,339.96,19490.00,3396200.00,AA
Eddie,12.32,142.20,86380.00,3396200.00,AA
Eden Patera,33.77,348.94,80000.00,3396200.00,AA
Edom,0.00,15.00,0.00,3396200.00,AA
Eger,-48.29,308.13,12250.00,3396200.00,AA
Ehden,8.23,119.01,57400.00,3396200.00,AA
Eil,41.73,350.26,5560.00,3396200.00,AA
Eilat,-56.53,50.20,29700.00,3396200.00,AA
Ejriksson,-19.20,186.17,46630.00,3396200.00,AA
Elath,45.87,346.40,13230.00,3396200.00,AA
Elaver Vallis,-9.38,310.48,178920.00,3396200.00,ME
Electris,-44.66,170.00,0.00,3396200.00,AA
Electris Mons,-45.67,152.73,104470.00,3396200.00,MO
Elim,-80.17,96.80,43630.00,3396200.00,AA
Ellsley,36.29,276.70,10940.00,3396200.00,AA
Elorza,-8.76,304.79,45160.00,3396200.00,AA
Ely,-23.62,332.70,10430.00,3396200.00,AA
Elysium,24.74,150.00,0.00,3396200.00,AA
Elysium Catena,17.69,149.73,48500.00,3396200.00,AA
Elysium Chasma,22.39,141.51,130000.00,3396200.00,AA
Elysium Fossae,24.08,146.14,1044000.00,3396200.00,ME
Elysium Mons,25.02,147.21,401000.00,3396200.00,MO
Elysium Planitia,2.98,154.74,3000790.00,3396200.00,ME
Elysium Rupes,25.24,148.04,140500.00,3396200.00,AA
E. Mareotis Tholus,35.92,274.87,4600.00,3396200.00,AA
Endeavour,-2.28,354.80,21780.00,3396200.00,AA
Enipeus Vallis,36.80,267.20,527070.00,3396200.00,ME
Eos Chaos,-16.82,313.48,497850.00,3396200.00,AA
Eos Chasma,-12.15,320.83,1305690.00,3396200.00,AA
Eos Mensa,-11.01,317.84,346670.00,3396200.00,AA
Erebus Montes,35.66,185.02,811670.00,3396200.00,AA
Eridania,-44.66,140.00,0.00,3396200.00,AA
Eridania Mons,-57.02,137.86,143290.00,3396200.00,MO
Eridania Planitia,-38.15,122.21,1062130.00,3396200.00,ME
Eridania Scopulus,-52.61,141.79,1017660.00,3396200.00,AA
Erythraea Fossa,-27.27,329.06,155190.00,3396200.00,AA
Erythraeum Chaos,-21.84,347.62,147630.00,3396200.00,AA
[Erythraeum Planum],-34.18,295.00,1750000.00,3396200.00,ME
Escalante,0.19,115.39,75260.00,3396200.00,AA
Escorial,76.89,304.96,22240.00,3396200.00,AA
Esk,45.21,352.98,3670.00,3396200.00,AA
Espino,-19.69,110.34,12050.00,3396200.00,AA
Eudoxus,-44.52,212.78,98510.00,3396200.00,AA
Eumenides Dorsum,4.79,203.60,569260.00,3396200.00,AA
Eunostos,21.77,240.00,0.00,3396200.00,AA
Euphrates,19.78,25.00,0.00,3396200.00,AA
Euphrates Patera,38.43,10.26,20270.00,3396200.00,AA
Euripus Mons,-44.82,105.18,88910.00,3396200.00,MO
Evpatoriya,46.95,134.36,1040.00,3396200.00,AA
Evros Vallis,-12.65,13.83,358010.00,3396200.00,ME
Faith,42.92,348.17,5300.00,3396200.00,AA
Falun,-23.96,335.33,10010.00,3396200.00,AA
Fancy,-35.45,113.60,49440.00,3396200.00,AA
Faqu,-24.54,106.34,12250.00,3396200.00,AA
Farah Vallis,-6.03,136.80,76370.00,3396200.00,ME
Farim,-44.31,139.28,3920.00,3396200.00,AA
Fastov,-25.04,339.63,11120.00,3396200.00,AA
Felis Dorsa,-21.87,294.10,244000.00,3396200.00,AA
Fenagh,34.29,144.37,6220.00,3396200.00,AA
Fesenkov,21.66,273.47,87380.00,3396200.00,AA
Firsoff,2.73,350.63,90000.00,3396200.00,AA
Fitzroy,-35.69,112.06,38170.00,3396200.00,AA
Flammarion,25.22,48.28,173700.00,3396200.00,AA
Flat,-25.42,340.45,3040.00,3396200.00,AA
Flaugergues,-16.80,19.22,236060.00,3396200.00,AA
Floq,14.94,107.16,2550.00,3396200.00,AA
Flora,-44.67,308.55,18310.00,3396200.00,AA
Focas,33.56,12.75,72020.00,3396200.00,AA
Fontana,-62.91,287.88,80060.00,3396200.00,AA
Foros,-33.40,332.13,24540.00,3396200.00,AA
Fortuna Fossae,4.64,267.31,324280.00,3396200.00,ME
Fournier,-4.30,72.64,114280.00,3396200.00,AA
Freedom,43.36,351.02,12740.00,3396200.00,AA
Frento Vallis,-50.03,345.16,251090.00,3396200.00,ME
[Frigoris Scopulus],79.38,176.00,0.00,3396200.00,AA
Funchal,22.98,310.56,1620.00,3396200.00,AA
Gaan,38.66,356.60,3010.00,3396200.00,AA
Gagra,-20.64,337.90,13410.00,3396200.00,AA
Gah,-44.69,327.36,2780.00,3396200.00,AA
Galap,-37.66,192.93,5990.00,3396200.00,AA
Galaxias Chaos,33.83,146.52,234480.00,3396200.00,AA
Galaxias Colles,36.80,147.48,610340.00,3396200.00,AA
Galaxias Fluctūs,30.96,143.03,607030.00,3396200.00,AA
Galaxias Fossae,36.63,142.00,552000.00,3396200.00,ME
[Galaxias Mensae],36.18,147.30,327000.00,3396200.00,AA
Galaxius Mons,34.76,142.31,22230.00,3396200.00,MO
Galdakao,-13.34,176.63,33440.00,3396200.00,AA
Gale,-5.37,137.81,154080.00,3396200.00,AA
Gali,-43.75,322.81,25860.00,3396200.00,AA
Galilaei,5.72,333.09,137170.00,3396200.00,AA
Galle,-50.63,329.00,223530.00,3396200.00,AA
Galu,-22.08,338.33,13570.00,3396200.00,AA
Gamboa,40.77,315.64,30820.00,3396200.00,AA
Gan,61.72,229.00,20630.00,3396200.00,AA
Gander,-31.26,94.22,36080.00,3396200.00,AA
Gandu,-45.38,312.72,9490.00,3396200.00,AA
Gandzani,34.24,269.17,51910.00,3396200.00,AA
Ganges Catena,-2.70,291.22,81270.00,3396200.00,AA
Ganges Cavus,-10.09,308.55,43110.00,3396200.00,AA
Ganges Chaos,-9.76,313.96,113730.00,3396200.00,AA
Ganges Chasma,-7.96,312.11,574080.00,3396200.00,AA
Ganges Mensa,-7.23,311.25,135900.00,3396200.00,AA
Gardo,-26.67,335.23,15530.00,3396200.00,AA
Gari,-35.88,288.77,9430.00,3396200.00,AA
Garm,48.25,350.94,4800.00,3396200.00,AA
Gasa,-35.72,129.40,7030.00,3396200.00,AA
Gastre,24.61,112.53,7100.00,3396200.00,AA
[Gatico],-20.87,338.87,18290.00,3396200.00,AA
Gehon,14.83,360.00,0.00,3396200.00,AA
Gemina Lingula,81.87,2.59,772890.00,3396200.00,AA
Gemini Scopuli,80.39,26.10,1000360.00,3396200.00,AA
Geryon Montes,-7.72,278.38,377830.00,3396200.00,AA
Gigas Fossae,3.55,230.44,190000.00,3396200.00,ME
Gigas Sulci,10.02,232.27,418560.00,3396200.00,AA
Gilbert,-68.00,86.08,121340.00,3396200.00,AA
Gill,15.76,5.55,83170.00,3396200.00,AA
Glazov,-20.62,333.41,22020.00,3396200.00,AA
Gledhill,-53.17,87.10,78470.00,3396200.00,AA
Glendore,18.34,308.33,8230.00,3396200.00,AA
Glide,-8.13,316.82,9850.00,3396200.00,AA
Globe,-23.68,332.65,50740.00,3396200.00,AA
Goba,-23.22,338.99,10900.00,3396200.00,AA
Goff,23.26,104.86,7950.00,3396200.00,AA
Gol,47.15,349.36,9530.00,3396200.00,AA
Gold,20.03,328.76,8910.00,3396200.00,AA
Golden,-22.01,326.51,19590.00,3396200.00,AA
Goldstone,47.77,134.58,1030.00,3396200.00,AA
Gonnus Mons,41.21,269.12,49380.00,3396200.00,MO
Gordii Dorsum,4.11,215.86,481560.00,3396200.00,AA
Gordii Fossae,14.83,232.40,369000.00,3396200.00,ME
Gorgonum Chaos,-37.26,189.10,150710.00,3396200.00,AA
Gori,-22.95,331.17,6430.00,3396200.00,AA
Graff,-21.18,153.81,154490.00,3396200.00,AA
Granicus Valles,30.58,129.97,777780.00,3396200.00,ME
Gratteri,-17.71,199.94,7560.00,3396200.00,AA
Green,-52.30,351.46,182070.00,3396200.00,AA
Greg,-38.59,112.89,68120.00,3396200.00,AA
Grindavik,25.40,321.01,11710.00,3396200.00,AA
Gringauz,-20.67,324.30,71020.00,3396200.00,AA
Grjótá Valles,15.38,166.38,343770.00,3396200.00,ME
Grójec,-21.47,329.16,37310.00,3396200.00,AA
Groves,-4.06,315.45,10270.00,3396200.00,AA
Guaymas,25.66,314.97,20120.00,3396200.00,AA
Guir,-21.54,339.50,18200.00,3396200.00,AA
Gulch,15.85,109.02,8320.00,3396200.00,AA
Gunjur,-0.17,146.66,26850.00,3396200.00,AA
Gunnison,-43.67,102.92,39570.00,3396200.00,AA
Gusev,-14.53,175.52,158120.00,3396200.00,AA
Gwash,38.96,356.84,4750.00,3396200.00,AA
Hadley,-19.26,156.97,115460.00,3396200.00,AA
Hadriaca Patera,-30.20,92.79,66040.00,3396200.00,AA
Hadriacus Mons,-31.29,91.86,450000.00,3396200.00,MO
Hadriacus Palus,-27.25,77.30,176330.00,3396200.00,AA
Halba,-26.01,303.86,31410.00,3396200.00,AA
Haldane,-52.75,129.26,76750.00,3396200.00,AA
Hale,-35.69,323.64,137310.00,3396200.00,AA
Halex Fossae,27.35,233.96,147250.00,3396200.00,ME
Halley,-48.34,300.73,83720.00,3396200.00,AA
Ham,-44.67,327.50,1590.00,3396200.00,AA
Hamaguir,48.68,132.51,820.00,3396200.00,AA
Hamelin,20.25,327.25,9740.00,3396200.00,AA
Handlová,37.69,271.41,4390.00,3396200.00,AA
Harad̦,-27.46,331.99,8060.00,3396200.00,AA
Hargraves,20.74,75.74,60280.00,3396200.00,AA
Harmakhis Vallis,-40.98,90.06,526660.00,3396200.00,ME
Harris,-21.90,66.81,81560.00,3396200.00,AA
Hartwig,-38.66,344.14,99330.00,3396200.00,AA
Hashir,3.19,85.01,16150.00,3396200.00,AA
Havel Vallis,0.77,302.54,240190.00,3396200.00,ME
Heaviside,-70.50,264.78,83280.00,3396200.00,AA
Hebes Chasma,-1.07,283.94,316740.00,3396200.00,AA
Hebes Mensa,-1.02,283.22,112460.00,3396200.00,AA
Hebrus Valles,19.88,126.74,325000.00,3396200.00,ME
Hecates Tholus,32.12,150.24,181570.00,3396200.00,AA
Hegemone Dorsum,-54.72,315.10,143630.00,3396200.00,AA
Heimdal,68.33,235.44,10490.00,3396200.00,AA
Heinlein,-64.48,116.31,85340.00,3396200.00,AA
Hellas,-39.67,70.00,0.00,3396200.00,AA
Hellas Chaos,-47.12,64.41,590620.00,3396200.00,AA
Hellas Montes,-37.63,97.61,159650.00,3396200.00,AA
Hellas Planitia,-42.43,70.50,2299160.00,3396200.00,ME
Hellespontus,-49.67,35.00,0.00,3396200.00,AA
Hellespontus Montes,-44.37,42.76,711460.00,3396200.00,AA
Helmholtz,-45.40,338.73,111260.00,3396200.00,AA
Henbury,-63.49,212.27,25360.00,3396200.00,AA
Henry,10.79,23.45,167570.00,3396200.00,AA
Henry Moore,-59.72,53.90,65470.00,3396200.00,AA
Hephaestus Fossae,20.84,122.85,633320.00,3396200.00,ME
Hephaestus Rupes,23.54,114.90,1707440.00,3396200.00,AA
Herculaneum,19.31,301.35,34710.00,3396200.00,AA
Her Desher Vallis,-25.08,312.07,117290.00,3396200.00,ME
Hermus Vallis,-5.32,212.19,53320.00,3396200.00,ME
Herschel,-14.48,129.89,297920.00,3396200.00,AA
Hesperia,-19.78,120.00,0.00,3396200.00,AA
Hesperia Dorsa,-22.80,113.16,818250.00,3396200.00,AA
Hesperia Planum,-21.42,109.89,1601730.00,3396200.00,ME
Hibes Montes,3.79,171.34,140000.00,3396200.00,AA
Hiddekel,14.83,15.00,0.00,3396200.00,AA
[Hilo],-44.46,324.50,20000.00,3396200.00,AA
Himera Valles,-21.54,337.34,175000.00,3396200.00,ME
Hipparchus,-44.45,208.80,94810.00,3396200.00,AA
Hīt,47.06,138.35,7090.00,3396200.00,AA
Holden,-26.04,325.98,152660.00,3396200.00,AA
Holmes,-74.86,66.55,114060.00,3396200.00,AA
Honda,-22.40,343.60,9260.00,3396200.00,AA
Hooke,-44.92,315.60,137650.00,3396200.00,AA
Hope,44.84,349.70,7260.00,3396200.00,AA
Horarum Mons,-51.05,323.44,20500.00,3396200.00,MO
Horowitz,-32.06,140.75,64900.00,3396200.00,AA
Houston,48.23,135.95,1980.00,3396200.00,AA
Hrad Vallis,38.17,135.91,974400.00,3396200.00,ME
Hsūanch'eng,46.72,132.69,1990.00,3396200.00,AA
Huancayo,-3.64,320.23,24340.00,3396200.00,AA
Huggins,-49.04,155.84,82640.00,3396200.00,AA
Huo Hsing Vallis,30.19,66.61,332300.00,3396200.00,ME
Hussey,-53.32,233.41,99710.00,3396200.00,AA
Hutton,-71.63,104.60,91740.00,3396200.00,AA
Huxley,-62.67,100.77,106520.00,3396200.00,AA
Huygens,-13.88,55.58,467250.00,3396200.00,AA
Hyblaeus Catena,21.60,140.62,10490.00,3396200.00,AA
Hyblaeus Chasma,21.98,141.26,56610.00,3396200.00,AA
Hyblaeus Dorsa,13.16,130.32,887530.00,3396200.00,AA
Hyblaeus Fossae,21.44,137.06,375000.00,3396200.00,ME
Hydaspis Chaos,3.09,333.07,336040.00,3396200.00,AA
Hydrae Chasma,-6.75,297.99,55180.00,3396200.00,AA
Hydraotes Chaos,1.12,324.71,419040.00,3396200.00,AA
Hypanis Valles,9.46,313.58,220000.00,3396200.00,ME
Hyperboreae Undae,79.96,310.51,463650.00,3396200.00,AA
Hyperborea Lingula,80.32,306.46,124800.00,3396200.00,AA
Hyperborei Cavi,79.91,310.30,92810.00,3396200.00,AA
Hyperboreus Labyrinthus,80.28,300.25,111970.00,3396200.00,AA
Hyperboreus (Lacus),74.83,300.00,0.00,3396200.00,AA
[Hyperboreus Scopulus],82.41,200.00,0.00,3396200.00,AA
[Hypernotius Scopulus],-77.86,88.00,0.00,3396200.00,AA
Hypsas Vallis,33.63,57.99,36470.00,3396200.00,ME
Iamuna Chaos,-0.28,319.39,21720.00,3396200.00,AA
Iamuna Dorsa,20.97,309.60,38180.00,3396200.00,AA
Iani Chaos,-2.19,342.96,450510.00,3396200.00,AA
Iapygia (Iapigia),-19.78,65.00,0.00,3396200.00,AA
[Iaxartes Tholus],71.80,345.00,53000.00,3396200.00,AA
Iazu,-2.71,354.82,6830.00,3396200.00,AA
Iberus Vallis,21.25,152.07,87260.00,3396200.00,ME
Ibragimov,-25.43,300.43,86770.00,3396200.00,AA
Icaria,-39.67,230.00,0.00,3396200.00,AA
Icaria Fossae,-48.09,234.84,2115450.00,3396200.00,ME
Icaria Planum,-43.27,253.96,566590.00,3396200.00,ME
Idaeus Fossae,37.33,308.80,202010.00,3396200.00,ME
Igal,-20.09,110.90,8830.00,3396200.00,AA
II Thyle I,-69.78,180.00,0.00,3396200.00,AA
Ikej,20.96,112.50,4510.00,3396200.00,AA
Imgr,19.12,111.18,3420.00,3396200.00,AA
Indus Vallis,18.95,38.88,342000.00,3396200.00,ME
Innsbruck,-6.39,320.04,59000.00,3396200.00,AA
Ins,24.49,108.90,2780.00,3396200.00,AA
Inta,-24.36,334.90,16120.00,3396200.00,AA
Inuvik,78.59,331.68,20520.00,3396200.00,AA
Irbit,-24.34,335.09,12730.00,3396200.00,AA
Irharen,34.49,140.82,6480.00,3396200.00,AA
Isara Valles,-5.31,213.58,5360.00,3396200.00,ME
Isidis Dorsa,12.92,88.21,1074700.00,3396200.00,AA
Isidis Planitia,13.94,88.38,1224580.00,3396200.00,ME
[Isidis Regio],19.78,85.00,0.00,3396200.00,AA
Isil,-27.02,87.93,77120.00,3396200.00,AA
Ismeniae Fossae,41.31,38.35,286910.00,3396200.00,ME
Ismenia Patera,38.55,1.80,82000.00,3396200.00,AA
Ismenius Cavus,33.90,17.08,90610.00,3396200.00,AA
Ismenius Lacus,39.67,30.00,0.00,3396200.00,AA
Issedon Paterae,38.13,269.75,5310.00,3396200.00,AA
Issedon Tholus,36.05,265.17,54530.00,3396200.00,AA
Ister Chaos,12.95,303.44,109100.00,3396200.00,AA
Istok,-45.10,274.18,4820.00,3396200.00,AA
Ituxi Vallis,25.45,153.32,123070.00,3396200.00,ME
Ius Chasma,-7.29,275.61,839910.00,3396200.00,AA
Ius Labes,-7.47,281.54,61180.00,3396200.00,AA
Izendy,-28.88,258.56,22260.00,3396200.00,AA
Jal,-26.25,331.24,4810.00,3396200.00,AA
Jama,21.39,306.82,2900.00,3396200.00,AA
Jampur,38.71,278.45,27900.00,3396200.00,AA
Jamuna,9.88,320.00,0.00,3396200.00,AA
Janssen,2.69,37.61,153630.00,3396200.00,AA
Jarry-Desloges,-9.37,83.85,93360.00,3396200.00,AA
Jeans,-69.64,154.18,73600.00,3396200.00,AA
[Jeki],23.65,307.70,0.00,3396200.00,AA
Jen,39.88,349.43,8880.00,3396200.00,AA
Jezero,18.41,77.69,47520.00,3396200.00,AA
Jezža,-48.42,322.08,9220.00,3396200.00,AA
Jijiga,25.11,306.05,16160.00,3396200.00,AA
Jodrell,47.47,132.30,3020.00,3396200.00,AA
Johannesburg,47.92,133.19,1220.00,3396200.00,AA
Johnstown,-9.80,308.93,3360.00,3396200.00,AA
Jojutla,81.59,190.20,19320.00,3396200.00,AA
Joly,-74.50,317.31,76990.00,3396200.00,AA
Jones,-18.88,340.17,90110.00,3396200.00,AA
Jörn,-27.19,76.43,20470.00,3396200.00,AA
Jovis Fossae,19.77,244.17,348630.00,3396200.00,ME
Jovis Tholus,18.20,242.59,58070.00,3396200.00,AA
Jumla,-21.29,86.44,49230.00,3396200.00,AA
Juventae Chasma,-3.37,298.61,304990.00,3396200.00,AA
Juventae Dorsa,0.39,288.98,481410.00,3396200.00,AA
Juventae Fons,-4.94,297.00,0.00,3396200.00,AA
Kachug,18.15,107.59,4860.00,3396200.00,AA
Kagoshima,47.32,135.73,1320.00,3396200.00,AA
Kagul,-23.73,340.97,9130.00,3396200.00,AA
Kāid,-4.46,315.30,7670.00,3396200.00,AA
Kaiser,-46.19,19.11,201670.00,3396200.00,AA
Kaj,-27.05,330.61,1830.00,3396200.00,AA
Kakori,-41.49,330.15,28090.00,3396200.00,AA
Kalba,-5.89,154.83,14150.00,3396200.00,AA
Kaliningrad,48.47,134.96,1470.00,3396200.00,AA
Kalocsa,6.92,353.05,34150.00,3396200.00,AA
Kamativi,-20.50,99.99,58810.00,3396200.00,AA
Kamloops,-53.45,327.40,63960.00,3396200.00,AA
Kamnik,-37.21,198.21,10370.00,3396200.00,AA
Kampot,-41.78,314.41,13230.00,3396200.00,AA
Kanab,-27.20,341.00,14550.00,3396200.00,AA
Kandi,-32.75,122.10,8240.00,3396200.00,AA
Kansk,-20.52,342.73,33350.00,3396200.00,AA
Kantang,-24.44,342.42,52440.00,3396200.00,AA
Karpinsk,-45.57,327.85,28840.00,3396200.00,AA
Karshi,-23.28,340.68,21520.00,3396200.00,AA
Kartabo,-40.85,307.54,19410.00,3396200.00,AA
Karzok,18.40,228.26,15290.00,3396200.00,AA
Kasabi,-27.77,89.06,41090.00,3396200.00,AA
Kasei Valles,25.14,297.12,1580000.00,3396200.00,ME
Kashira,-27.09,341.69,65800.00,3396200.00,AA
Kasimov,-24.63,337.06,87180.00,3396200.00,AA
Kasra,21.98,103.63,3460.00,3396200.00,AA
Katoomba,-79.01,127.81,51240.00,3396200.00,AA
Kaup,22.63,326.84,3210.00,3396200.00,AA
Kaw,16.40,104.28,10720.00,3396200.00,AA
Kayne,-15.50,173.56,33820.00,3396200.00,AA
Keeler,-60.69,208.76,90190.00,3396200.00,AA
Kem',-44.94,327.03,3620.00,3396200.00,AA
Kepler,-46.69,140.98,228240.00,3396200.00,AA
Keren,20.98,337.50,28630.00,3396200.00,AA
Keul',45.99,122.23,5810.00,3396200.00,AA
Khanpur,20.73,102.00,2680.00,3396200.00,AA
Kholm,-7.21,318.00,11080.00,3396200.00,AA
Khurli,-20.94,112.96,8780.00,3396200.00,AA
Kibuye,-29.13,181.82,7140.00,3396200.00,AA
Kifrī,-45.64,305.69,13890.00,3396200.00,AA
Kimry,-20.14,343.68,20640.00,3396200.00,AA
Kin,20.20,326.62,8100.00,3396200.00,AA
Kinda,-25.69,254.85,14040.00,3396200.00,AA
Kingston,22.11,312.96,1520.00,3396200.00,AA
Kinkora,-24.95,112.88,51090.00,3396200.00,AA
Kipini,25.86,328.44,67260.00,3396200.00,AA
Kirs,-26.31,340.56,3460.00,3396200.00,AA
Kirsanov,-22.20,334.88,15080.00,3396200.00,AA
Kisambo,34.07,271.08,15220.00,3396200.00,AA
[Kison Tholus],72.81,2.00,50000.00,3396200.00,AA
Kita,-22.78,342.82,10720.00,3396200.00,AA
Knobel,-6.57,133.31,123310.00,3396200.00,AA
Koga,-28.96,256.24,19170.00,3396200.00,AA
Kok,15.65,331.93,6130.00,3396200.00,AA
Kolonga,8.32,305.06,41090.00,3396200.00,AA
Kong,-5.36,321.43,11660.00,3396200.00,AA
Kontum,-32.04,292.93,22260.00,3396200.00,AA
Korolev,72.77,164.58,81370.00,3396200.00,AA
Korph,19.34,105.45,7330.00,3396200.00,AA
Koshoba,22.93,77.00,10330.00,3396200.00,AA
Kourou,46.73,132.78,1840.00,3396200.00,AA
Koval'sky,-29.56,218.46,296670.00,3396200.00,AA
Koy,21.47,309.59,7120.00,3396200.00,AA
Krasnoye,35.85,143.84,6550.00,3396200.00,AA
Kribi,-43.00,316.49,13180.00,3396200.00,AA
Krishtofovich,-48.09,97.34,111090.00,3396200.00,AA
Kuba,-25.31,340.36,26590.00,3396200.00,AA
Kufra,40.36,120.30,37480.00,3396200.00,AA
Kuiper,-56.99,202.87,81780.00,3396200.00,AA
Kular,16.39,108.14,8480.00,3396200.00,AA
Kumak,-35.47,291.93,13500.00,3396200.00,AA
Kumara,43.03,128.56,11870.00,3396200.00,AA
Kunes,-25.24,107.94,15130.00,3396200.00,AA
Kunowsky,56.82,350.36,66290.00,3396200.00,AA
Kushva,-43.96,324.49,37550.00,3396200.00,AA
Labeatis Catenae,19.49,266.83,220600.00,3396200.00,AA
Labeatis Fossae,24.58,275.47,1496360.00,3396200.00,ME
[Labeatis Fossae],20.68,265.00,616000.00,3396200.00,ME
Labeatis Mensa,25.50,285.53,124670.00,3396200.00,AA
Labeatis Mons,37.48,284.14,42780.00,3396200.00,MO
Labou Vallis,-8.63,205.58,257790.00,3396200.00,ME
Labria,-34.94,311.93,52640.00,3396200.00,AA
Lachute,-4.27,320.24,15150.00,3396200.00,AA
Ladon Valles,-22.43,331.39,244590.00,3396200.00,ME
Laestrygon (Laestrigon),0.00,160.00,0.00,3396200.00,AA
Laf,48.01,354.10,2860.00,3396200.00,AA
Lagarto,49.86,351.71,19790.00,3396200.00,AA
Lamas,-26.99,339.36,22990.00,3396200.00,AA
Lambert,-19.97,25.39,92530.00,3396200.00,AA
Lamont,-58.17,246.46,76620.00,3396200.00,AA
Lampland,-35.54,280.48,76780.00,3396200.00,AA
Land,48.26,351.28,5200.00,3396200.00,AA
La Paz,21.05,310.97,1390.00,3396200.00,AA
Lapri,20.32,107.49,3010.00,3396200.00,AA
Lar,-25.83,330.90,6850.00,3396200.00,AA
Lassell,-20.61,297.54,85600.00,3396200.00,AA
Lasswitz,-9.31,138.31,108040.00,3396200.00,AA
Lau,-74.30,252.52,106920.00,3396200.00,AA
Laylá,-61.11,107.12,19360.00,3396200.00,AA
Lebu,-20.29,340.53,19340.00,3396200.00,AA
Lederberg,13.01,314.08,87250.00,3396200.00,AA
Leighton,3.08,57.75,65940.00,3396200.00,AA
Leleque,36.46,138.17,8430.00,3396200.00,AA
Lemgo,-42.50,325.21,15730.00,3396200.00,AA
Lemuria,69.78,160.00,0.00,3396200.00,AA
Lenya,-26.72,253.20,14960.00,3396200.00,AA
Lethe Vallis,3.16,154.97,236650.00,3396200.00,ME
Leuk,23.91,304.99,3440.00,3396200.00,AA
Le Verrier,-37.71,17.10,137550.00,3396200.00,AA
Lexington,21.81,311.37,5170.00,3396200.00,AA
Liais,-75.30,106.93,122780.00,3396200.00,AA
Liberta,35.23,304.55,25100.00,3396200.00,AA
Libertad,23.06,330.59,31190.00,3396200.00,AA
Libya,0.00,90.00,0.00,3396200.00,AA
Libya Montes,1.44,88.23,1043630.00,3396200.00,AA
Licus Vallis,-3.05,126.35,240000.00,3396200.00,ME
Li Fan,-46.88,206.94,105580.00,3396200.00,AA
Linpu,18.14,113.21,18160.00,3396200.00,AA
Lins,15.76,330.20,6170.00,3396200.00,AA
Lipany,-0.22,79.67,50100.00,3396200.00,AA
Lipik,-38.41,111.61,48950.00,3396200.00,AA
Liris Valles,-10.50,58.25,596240.00,3396200.00,ME
Lisboa,21.24,312.41,1170.00,3396200.00,AA
Lismore,27.04,318.35,9340.00,3396200.00,AA
Littleton,15.70,107.14,7350.00,3396200.00,AA
Liu Hsin,-53.20,188.45,134510.00,3396200.00,AA
Livny,-27.16,330.88,9290.00,3396200.00,AA
Llanesco,-28.18,258.89,29400.00,3396200.00,AA
Lobo Vallis,26.82,298.83,80000.00,3396200.00,ME
Locana,-3.39,321.91,6640.00,3396200.00,AA
Lockyer,27.84,160.51,71350.00,3396200.00,AA
Locras Valles,8.84,48.26,351320.00,3396200.00,ME
Lod,20.98,328.46,7600.00,3396200.00,AA
Lodwar,-55.09,316.68,15010.00,3396200.00,AA
Lohse,-43.24,343.31,151010.00,3396200.00,AA
Loire Valles,-17.69,342.97,790000.00,3396200.00,ME
Loja,41.22,136.21,9900.00,3396200.00,AA
Lomela,-81.65,303.81,11160.00,3396200.00,AA
Lomonosov,65.04,350.76,130530.00,3396200.00,AA
Lonar,72.99,38.29,11070.00,3396200.00,AA
Longa,-20.67,334.06,10970.00,3396200.00,AA
Loon,-18.84,113.45,7710.00,3396200.00,AA
Lorica,-19.83,331.67,58490.00,3396200.00,AA
Los,-35.08,283.77,8050.00,3396200.00,AA
Lota,46.32,348.20,14680.00,3396200.00,AA
Loto,-21.88,337.56,22140.00,3396200.00,AA
Louros Valles,-8.41,278.23,516140.00,3396200.00,ME
Louth,70.19,103.24,36290.00,3396200.00,AA
Lowbury,42.41,267.08,17180.00,3396200.00,AA
Lowell,-51.96,278.50,202220.00,3396200.00,AA
Luba,-18.26,323.00,38330.00,3396200.00,AA
Lucaya,-11.55,51.91,34210.00,3396200.00,AA
Luck,17.26,323.09,7750.00,3396200.00,AA
Lucus Planum,-4.99,182.83,899870.00,3396200.00,ME
Luga,-44.25,312.58,44560.00,3396200.00,AA
Luki,-29.53,322.63,20800.00,3396200.00,AA
Lunae Mensa,23.91,297.50,114750.00,3396200.00,AA
Lunae Palus,14.83,295.00,0.00,3396200.00,AA
Lunae Planum,10.79,294.49,1817660.00,3396200.00,ME
Luqa,-18.23,131.82,17140.00,3396200.00,AA
Lutsk,38.70,356.91,4850.00,3396200.00,AA
Luzin,27.06,31.28,101040.00,3396200.00,AA
Lycus Sulci,28.14,215.53,1350610.00,3396200.00,AA
Lydda,24.42,328.05,33830.00,3396200.00,AA
Lyell,-69.91,344.53,121830.00,3396200.00,AA
Lyot,50.47,29.34,221530.00,3396200.00,AA
Ma'adim Vallis,-21.98,177.50,913110.00,3396200.00,ME
Mädler,-10.65,2.77,124160.00,3396200.00,AA
Madrid,48.45,135.44,3800.00,3396200.00,AA
Mad Vallis,-56.27,76.47,537370.00,3396200.00,ME
Mafra,-44.02,306.85,13350.00,3396200.00,AA
Magadi,-34.52,313.93,50790.00,3396200.00,AA
Magelhaens,-32.36,185.42,103800.00,3396200.00,AA
Maggini,27.78,9.50,139060.00,3396200.00,AA
Mago,15.92,105.36,2740.00,3396200.00,AA
Magong,11.89,313.31,46560.00,3396200.00,AA
Maidstone,-41.56,305.78,9390.00,3396200.00,AA
Main,-76.54,49.01,110990.00,3396200.00,AA
Maja Valles,10.23,301.62,1515000.00,3396200.00,ME
Majuro,-33.26,84.33,43430.00,3396200.00,AA
Makhambet,28.43,319.53,15850.00,3396200.00,AA
Malea Patera,-63.54,51.59,241610.00,3396200.00,AA
Malea Planum,-65.82,62.94,872470.00,3396200.00,ME
Mamers Valles,40.65,17.94,1020000.00,3396200.00,ME
Manah,-4.66,326.39,9900.00,3396200.00,AA
Mandora,12.22,306.37,55940.00,3396200.00,AA
Mangala Fossa,-17.27,214.12,695000.00,3396200.00,AA
Mangala Valles,-11.32,208.61,900000.00,3396200.00,ME
Manti,-3.58,322.43,15640.00,3396200.00,AA
Manzī,-22.15,332.53,7520.00,3396200.00,AA
Maraldi,-61.92,328.04,118240.00,3396200.00,AA
Marbach,17.65,111.03,24740.00,3396200.00,AA
Marca,-9.98,201.85,78350.00,3396200.00,AA
Mare Acidalium,44.66,330.00,0.00,3396200.00,AA
Mare Australe,-59.71,350.00,0.00,3396200.00,AA
Mare Boreum,59.71,180.00,0.00,3396200.00,AA
Mare Chronium,-57.70,150.00,0.00,3396200.00,AA
Mare Cimmerium,-19.78,140.00,0.00,3396200.00,AA
Mare Erythraeum,-24.74,320.00,0.00,3396200.00,AA
Mare Hadriacum,-39.67,90.00,0.00,3396200.00,AA
Mareotis Fossae,44.34,283.88,1907940.00,3396200.00,ME
Mare Serpentis,-29.71,40.00,0.00,3396200.00,AA
Mare Sirenum,-29.71,205.00,0.00,3396200.00,AA
Mare Tyrrhenum,-19.78,105.00,0.00,3396200.00,AA
Margaritifer Chaos,-9.30,338.30,383670.00,3396200.00,AA
Margaritifer Sinus,-9.88,335.00,0.00,3396200.00,AA
Margaritifer Terra,-1.85,335.08,2733220.00,3396200.00,ME
Mari,-52.01,314.12,37050.00,3396200.00,AA
Maricourt,53.34,288.83,9900.00,3396200.00,AA
Marikh Vallis,-19.16,4.32,1147220.00,3396200.00,ME
Mariner,-34.68,195.76,156580.00,3396200.00,AA
Marte Vallis,14.08,182.90,231430.00,3396200.00,ME
Marth,12.94,356.55,96690.00,3396200.00,AA
Martin,-21.34,290.75,61110.00,3396200.00,AA
Martynov,-30.36,323.59,61130.00,3396200.00,AA
Martz,-34.91,144.18,92740.00,3396200.00,AA
Masursky,12.07,327.70,115340.00,3396200.00,AA
Matara,-49.61,34.59,48840.00,3396200.00,AA
Matrona Vallis,-7.66,176.19,61280.00,3396200.00,ME
Maumee Valles,19.51,307.15,390000.00,3396200.00,ME
Maunder,-49.60,1.75,90840.00,3396200.00,AA
Mawrth Vallis,22.43,343.03,634630.00,3396200.00,ME
Mazamba,-27.53,290.33,52290.00,3396200.00,AA
McLaughlin,21.90,337.63,90920.00,3396200.00,AA
McMurdo,-84.38,0.59,26900.00,3396200.00,AA
Medrissa,18.64,303.43,19520.00,3396200.00,AA
Medusae Fossae,-2.17,195.80,278520.00,3396200.00,ME
Medusae Sulci,-5.04,200.30,191520.00,3396200.00,AA
Mega,-1.43,323.10,16950.00,3396200.00,AA
Meget,18.86,107.31,4590.00,3396200.00,AA
Melas Chasma,-10.52,287.46,563520.00,3396200.00,AA
Melas Dorsa,-18.92,287.90,486810.00,3396200.00,AA
Melas Fossae,-26.28,288.48,568180.00,3396200.00,ME
Melas Labes,-8.53,288.30,107240.00,3396200.00,AA
Mellish,-72.63,336.26,104950.00,3396200.00,AA
Mellit,7.12,358.27,22530.00,3396200.00,AA
Memnonia,-19.78,210.00,0.00,3396200.00,AA
Memnonia Fossae,-23.63,206.18,1585280.00,3396200.00,ME
Memnonia Sulci,-7.16,184.17,452660.00,3396200.00,AA
Mena,-32.11,341.24,29910.00,3396200.00,AA
Mendel,-58.78,161.25,77320.00,3396200.00,AA
Mendota,35.83,138.33,8860.00,3396200.00,AA
Meridiani Planum,-0.04,356.86,1058530.00,3396200.00,ME
Meroe,34.68,75.00,0.00,3396200.00,AA
Meroe Patera,6.98,68.77,52600.00,3396200.00,AA
Micoud,50.56,16.34,51850.00,3396200.00,AA
Mie,48.16,139.65,100910.00,3396200.00,AA
Mila,-27.16,339.25,10870.00,3396200.00,AA
Milankovič,54.46,213.42,113510.00,3396200.00,AA
Milford,-52.41,318.51,24970.00,3396200.00,AA
Millman,-53.95,210.36,73840.00,3396200.00,AA
Millochau,-21.19,85.10,112890.00,3396200.00,AA
Milna,-23.46,347.76,27480.00,3396200.00,AA
Minio Vallis,-4.38,208.33,90000.00,3396200.00,ME
Mirtos,22.12,308.24,6380.00,3396200.00,AA
[Misk],-0.89,324.50,10000.00,3396200.00,AA
Mistretta,-24.68,250.87,16560.00,3396200.00,AA
Mitchel,-67.53,76.01,135900.00,3396200.00,AA
Miyamoto,-2.87,353.05,145210.00,3396200.00,AA
Mliba,-39.61,87.98,11850.00,3396200.00,AA
Moab,19.78,10.00,0.00,3396200.00,AA
Moanda,-35.93,320.05,38880.00,3396200.00,AA
Moeris Lacus,7.91,90.00,0.00,3396200.00,AA
Mohawk,42.89,354.65,17490.00,3396200.00,AA
Mojave,7.48,327.01,57970.00,3396200.00,AA
Molesworth,-27.50,149.27,168870.00,3396200.00,AA
Montevallo,15.25,305.73,50420.00,3396200.00,AA
Morava Valles,-13.57,335.80,364100.00,3396200.00,ME
Morella,-9.58,308.61,76970.00,3396200.00,AA
Moreux,41.79,44.54,131550.00,3396200.00,AA
Moroz,-23.77,339.43,116300.00,3396200.00,AA
Morpheos Rupes,-36.00,125.58,404150.00,3396200.00,AA
Mosa Vallis,-15.09,22.20,191600.00,3396200.00,ME
Moss,19.23,109.49,9090.00,3396200.00,AA
Muara,24.32,340.69,3830.00,3396200.00,AA
Müller,-25.74,127.89,120510.00,3396200.00,AA
Munda Vallis,-5.37,213.83,9130.00,3396200.00,ME
Murgoo,-23.64,337.55,22640.00,3396200.00,AA
[Musmar],24.54,304.30,0.00,3396200.00,AA
Mut,22.36,324.24,6970.00,3396200.00,AA
Mutch,0.60,304.79,198810.00,3396200.00,AA
Naar,22.91,317.87,11340.00,3396200.00,AA
Naic,24.45,107.44,8680.00,3396200.00,AA
Nain,41.47,126.84,6890.00,3396200.00,AA
Naju,44.99,122.86,8030.00,3396200.00,AA
Naktong Vallis,4.89,33.39,669630.00,3396200.00,ME
Nakusp,24.73,324.55,7260.00,3396200.00,AA
Nan,-26.69,340.06,2290.00,3396200.00,AA
Nanedi Valles,5.05,311.38,550000.00,3396200.00,ME
Nansen,-49.92,219.58,74630.00,3396200.00,AA
Nardo,-27.51,327.16,25100.00,3396200.00,AA
Naro Vallis,-4.00,60.71,442720.00,3396200.00,ME
Naruko,-36.24,198.30,4170.00,3396200.00,AA
Naryn,14.89,123.30,3940.00,3396200.00,AA
Naukan,21.25,329.42,7470.00,3396200.00,AA
Navan,-25.89,336.50,24860.00,3396200.00,AA
Nazca,-31.63,93.67,15010.00,3396200.00,AA
Nectar,-27.72,288.00,0.00,3396200.00,AA
Nectaris Fossae,-23.09,302.84,623070.00,3396200.00,ME
Negele,-35.80,96.00,36930.00,3396200.00,AA
Neith Regio,37.67,88.00,0.00,3396200.00,AA
Neive,23.18,107.07,2790.00,3396200.00,AA
Nema,20.70,307.87,14540.00,3396200.00,AA
Nepa,-24.97,340.33,16160.00,3396200.00,AA
Nepenthes,19.78,100.00,0.00,3396200.00,AA
Nepenthes Mensae,9.19,119.42,2176230.00,3396200.00,AA
[Nepenthes Patera],11.86,89.00,25000.00,3396200.00,AA
Nepenthes Planum,14.01,113.79,1650140.00,3396200.00,ME
Nereidum Fretum,-44.66,305.00,0.00,3396200.00,AA
Nereidum Montes,-37.57,316.79,1142580.00,3396200.00,AA
Nestus Valles,-7.03,201.52,38250.00,3396200.00,ME
Never,23.50,105.77,2750.00,3396200.00,AA
Neves,-3.39,151.31,22130.00,3396200.00,AA
New Bern,21.53,310.85,1730.00,3396200.00,AA
Newcomb,-24.27,1.04,254130.00,3396200.00,AA
New Haven,22.08,310.74,1510.00,3396200.00,AA
New Plymouth,-15.78,175.87,31540.00,3396200.00,AA
Newport,22.24,311.04,1970.00,3396200.00,AA
Newton,-40.50,201.97,299940.00,3396200.00,AA
Nhill,-28.68,256.67,23700.00,3396200.00,AA
Nia Fossae,-14.73,288.23,379560.00,3396200.00,ME
Nia Tholus,-6.59,285.05,34010.00,3396200.00,AA
Nia Vallis,-53.53,325.19,140000.00,3396200.00,ME
Nicer Vallis,-6.96,201.81,22600.00,3396200.00,ME
Nicholson,0.21,195.57,102450.00,3396200.00,AA
Nier,42.79,106.11,46300.00,3396200.00,AA
Niesten,-28.00,57.75,114810.00,3396200.00,AA
Nif,19.91,303.76,8480.00,3396200.00,AA
Niger Vallis,-34.96,92.57,360000.00,3396200.00,ME
Niliacus Lacus,29.71,330.00,0.00,3396200.00,AA
Nili Fossae,22.02,76.69,727910.00,3396200.00,ME
Nili Patera,8.97,67.17,67510.00,3396200.00,AA
Nili Tholus,9.15,67.35,7000.00,3396200.00,AA
Nilokeras,29.71,305.00,0.00,3396200.00,AA
Nilokeras Fossa,24.59,302.17,267000.00,3396200.00,AA
Nilokeras Mensae,30.48,308.05,450880.00,3396200.00,AA
Nilokeras Scopulus,31.72,304.15,901480.00,3396200.00,AA
Nilosyrtis,41.66,70.00,0.00,3396200.00,AA
Nilosyrtis Mensae,34.77,68.47,676030.00,3396200.00,AA
Nilus Chaos,25.39,283.05,283000.00,3396200.00,AA
Nilus Dorsa,20.68,280.94,292900.00,3396200.00,AA
Nilus Mensae,22.20,287.77,206840.00,3396200.00,AA
Nipigon,33.76,278.16,8890.00,3396200.00,AA
Niquero,-38.79,194.03,10700.00,3396200.00,AA
Nirgal Vallis,-28.16,318.32,610000.00,3396200.00,ME
Nitro,-21.26,336.00,29340.00,3396200.00,AA
Nix Olympica,19.78,230.00,0.00,3396200.00,AA
Njesko,-35.25,85.11,27770.00,3396200.00,AA
N. Mareotis Tholus,36.38,273.79,3580.00,3396200.00,AA
Noachis,-44.66,30.00,0.00,3396200.00,AA
Noachis Terra,-50.41,354.84,5519450.00,3396200.00,ME
Noctis Fossae,-2.69,261.15,712730.00,3396200.00,ME
Noctis Labyrinthus,-6.36,258.81,1190310.00,3396200.00,AA
Noma,-25.43,335.69,40490.00,3396200.00,AA
Noord,-19.27,348.73,7800.00,3396200.00,AA
Nordenskiöld,-52.37,201.24,85600.00,3396200.00,AA
Northport,18.52,305.52,18440.00,3396200.00,AA
Novara,-24.90,349.31,86980.00,3396200.00,AA
Nune,17.55,321.24,8470.00,3396200.00,AA
Nutak,17.41,329.74,11260.00,3396200.00,AA
Obock,-2.01,150.53,14450.00,3396200.00,AA
Ocampo,32.66,138.30,7160.00,3396200.00,AA
Oceanidum Fossa,-61.58,330.49,167160.00,3396200.00,AA
Oceanidum Mons,-54.93,318.77,33390.00,3396200.00,MO
Ochakov,-42.11,328.14,31050.00,3396200.00,AA
Ochus Valles,7.07,314.96,127000.00,3396200.00,ME
Octantis Cavi,-52.57,314.03,71210.00,3396200.00,AA
Octantis Mons,-55.26,317.15,19090.00,3396200.00,MO
Oenotria Plana,-8.14,76.64,61250.00,3396200.00,AA
Oenotria Scopuli,-6.62,77.11,1425000.00,3396200.00,AA
[Oenotria Scopulus],-7.77,77.36,1615000.00,3396200.00,AA
Oglala,-3.11,321.89,17590.00,3396200.00,AA
Ogygis Regio,-44.66,295.00,0.00,3396200.00,AA
Ogygis Rupes,-33.03,305.47,184230.00,3396200.00,AA
Ohara,4.92,82.48,9370.00,3396200.00,AA
Okavango Valles,38.10,8.97,285120.00,3396200.00,ME
Okhotsk,22.97,312.67,1670.00,3396200.00,AA
Okotoks,-21.21,84.41,21780.00,3396200.00,AA
Olenek,19.87,305.78,3060.00,3396200.00,AA
Olom,22.96,302.34,5890.00,3396200.00,AA
Oltis Valles,-23.50,338.35,169300.00,3396200.00,ME
Olympia,79.88,160.00,0.00,3396200.00,AA
Olympia Cavi,85.06,182.23,342780.00,3396200.00,AA
Olympia Mensae,78.00,119.98,335420.00,3396200.00,AA
[Olympia Planitia],81.40,180.00,1100000.00,3396200.00,ME
Olympia Planum,82.18,188.81,804390.00,3396200.00,ME
Olympia Rupes,86.04,174.16,1197040.00,3396200.00,AA
Olympia Undae,81.16,178.48,1507960.00,3396200.00,AA
Olympica Fossae,24.85,246.08,420000.00,3396200.00,ME
Olympus Mons,18.65,226.20,610130.00,3396200.00,MO
Olympus Rupes,18.40,226.44,1914770.00,3396200.00,AA
Ome,20.60,104.02,2850.00,3396200.00,AA
Ōmura,-25.36,334.79,8470.00,3396200.00,AA
Onon,16.13,102.48,3420.00,3396200.00,AA
Oodnadatta,-52.43,325.83,25440.00,3396200.00,AA
Ophir,-9.88,295.00,0.00,3396200.00,AA
Ophir Catenae,-9.46,300.60,509000.00,3396200.00,AA
Ophir Cavus,-9.89,304.96,36720.00,3396200.00,AA
Ophir Chasma,-4.00,287.65,314710.00,3396200.00,AA
Ophir Labes,-11.01,291.72,92530.00,3396200.00,AA
Ophir Mensa,-3.99,286.51,103330.00,3396200.00,AA
Ophir Planum,-8.45,302.18,642240.00,3396200.00,ME
Oraibi,17.22,327.66,32370.00,3396200.00,AA
Orcus Patera,14.13,178.35,387640.00,3396200.00,AA
Ore,16.78,326.07,7150.00,3396200.00,AA
Orinda,45.37,126.98,9030.00,3396200.00,AA
Orson Welles,-0.19,314.10,115990.00,3396200.00,AA
Ortygia,59.71,360.00,0.00,3396200.00,AA
Ortygia Colles,53.90,350.70,255620.00,3396200.00,AA
[Ortygia Tholus],69.78,352.00,100000.00,3396200.00,AA
Ostrov,-26.55,331.89,72980.00,3396200.00,AA
Osuga Valles,-15.31,321.41,164000.00,3396200.00,ME
Oti Fossae,-9.63,242.91,373590.00,3396200.00,ME
Ottumwa,24.58,304.25,51620.00,3396200.00,AA
Oudemans,-9.84,268.23,124160.00,3396200.00,AA
Oxia Chaos,0.22,320.13,24120.00,3396200.00,AA
Oxia Colles,21.24,333.73,595240.00,3396200.00,AA
Oxia Palus,7.91,342.00,0.00,3396200.00,AA
Oxus,19.78,348.00,0.00,3396200.00,AA
Oxus Cavus,37.41,359.48,37870.00,3396200.00,AA
Oxus Patera,38.97,359.66,33420.00,3396200.00,AA
Oyama,23.57,339.89,100780.00,3396200.00,AA
Pabo,-26.90,336.92,9180.00,3396200.00,AA
Padus Vallis,-4.52,210.02,57420.00,3396200.00,ME
Paks,-7.66,317.96,6900.00,3396200.00,AA
Pál,-31.31,108.70,71210.00,3396200.00,AA
Palana,21.04,102.02,4530.00,3396200.00,AA
Palikir,-41.57,202.14,15570.00,3396200.00,AA
Pallacopas Vallis,-54.73,339.52,134770.00,3396200.00,ME
Palos,-2.69,110.90,54820.00,3396200.00,AA
Panchaia,59.71,160.00,0.00,3396200.00,AA
Panchaia Rupes,64.37,129.83,1113400.00,3396200.00,AA
Pandorae Fretum,-24.74,44.00,0.00,3396200.00,AA
Pangboche,17.28,226.60,10160.00,3396200.00,AA
Paraná Valles,-23.19,350.20,329130.00,3396200.00,ME
Paros,21.99,261.87,34610.00,3396200.00,AA
Parva Planum,-73.67,264.93,1027320.00,3396200.00,ME
Pasithea Dorsum,-55.14,318.42,282200.00,3396200.00,AA
Pasteur,19.31,24.62,116150.00,3396200.00,AA
Patapsco Vallis,23.70,152.51,172870.00,3396200.00,ME
Pau,-55.40,59.30,42200.00,3396200.00,AA
Pavonis Chasma,2.73,248.98,45940.00,3396200.00,AA
Pavonis Fossae,4.15,248.71,156080.00,3396200.00,ME
Pavonis Mons,1.48,247.04,366530.00,3396200.00,MO
Pavonis Sulci,4.01,242.63,425800.00,3396200.00,AA
Peace Vallis,-4.21,137.23,35240.00,3396200.00,ME
Pebas,-2.60,359.04,5430.00,3396200.00,AA
Peixe,20.33,312.40,9350.00,3396200.00,AA
[Peneus Mons],-30.90,86.10,0.00,3396200.00,MO
Peneus Patera,-57.82,52.65,128500.00,3396200.00,AA
Penticton,-38.37,96.76,8190.00,3396200.00,AA
Peraea Cavus,-29.61,95.43,56240.00,3396200.00,AA
Peraea Mons,-31.08,86.11,14940.00,3396200.00,MO
Perepelkin,52.44,295.17,77460.00,3396200.00,AA
Peridier,25.51,83.91,94210.00,3396200.00,AA
Perrotin,-2.82,282.06,82820.00,3396200.00,AA
Persbo,8.57,156.88,19490.00,3396200.00,AA
Peta,-21.26,350.90,75750.00,3396200.00,AA
Pettit,12.25,186.13,92490.00,3396200.00,AA
Phaenna Dorsum,-53.79,316.71,164160.00,3396200.00,AA
Phaethontis,-49.67,205.00,0.00,3396200.00,AA
Phedra,13.84,123.88,20310.00,3396200.00,AA
Philadelphia,21.76,312.02,1650.00,3396200.00,AA
Phillips,-66.34,315.11,185450.00,3396200.00,AA
Phison,19.78,40.00,0.00,3396200.00,AA
Phison Rupes,26.70,50.35,203070.00,3396200.00,AA
Phlegethon Catena,38.83,256.72,399690.00,3396200.00,AA
Phlegra,31.00,172.20,134000.00,3396200.00,AA
Phlegra Dorsa,25.08,170.37,2818610.00,3396200.00,AA
Phlegra Montes,40.40,163.71,1350650.00,3396200.00,AA
Phoenicis Lacus,-11.86,250.00,0.00,3396200.00,AA
Phon,15.53,102.79,10020.00,3396200.00,AA
Phrixi Regio,-39.67,290.00,0.00,3396200.00,AA
Pica,19.82,306.77,2400.00,3396200.00,AA
Pickering,-33.48,227.39,115200.00,3396200.00,AA
Pina,18.37,111.74,5050.00,3396200.00,AA
Pindus Mons,39.47,271.48,16300.00,3396200.00,MO
Pinglo,-2.92,323.24,15900.00,3396200.00,AA
[Pityusa Dorsa],-64.24,29.50,397000.00,3396200.00,AA
Pityusa Patera,-66.88,36.86,196510.00,3396200.00,AA
Pityusa Rupes,-63.96,28.32,430140.00,3396200.00,AA
Piyi,-22.88,106.63,11630.00,3396200.00,AA
Planum Angustum,-79.80,276.80,206410.00,3396200.00,ME
Planum Australe,-83.35,157.70,1429870.00,3396200.00,ME
Planum Boreum,87.32,54.96,354630.00,3396200.00,ME
Planum Chronium,-59.14,139.50,576380.00,3396200.00,ME
Platte,16.03,113.18,3420.00,3396200.00,AA
Playfair,-77.91,234.22,62210.00,3396200.00,AA
Plum,-26.07,340.93,2760.00,3396200.00,AA
Podor,-44.11,316.86,25080.00,3396200.00,AA
Pollack,-7.79,25.26,96350.00,3396200.00,AA
Polotsk,-19.89,333.66,30120.00,3396200.00,AA
Pompeii,18.98,300.90,31130.00,3396200.00,AA
Poona,23.76,307.68,19870.00,3396200.00,AA
Port-Au-Prince,21.10,311.82,1520.00,3396200.00,AA
Porter,-50.36,246.24,103990.00,3396200.00,AA
Porth,21.19,104.21,9520.00,3396200.00,AA
Portsmouth,22.55,310.93,1500.00,3396200.00,AA
Porvoo,-43.30,319.19,9850.00,3396200.00,AA
Poti,-36.31,86.56,30550.00,3396200.00,AA
Poynting,8.42,247.25,69700.00,3396200.00,AA
Priestley,-54.12,130.70,42260.00,3396200.00,AA
Princeton,21.69,310.89,2160.00,3396200.00,AA
Proctor,-47.63,29.72,172560.00,3396200.00,AA
Promethei Chasma,-82.66,141.39,295280.00,3396200.00,AA
Promethei Lingula,-82.80,119.89,571630.00,3396200.00,AA
Promethei Mons,-70.57,87.44,65170.00,3396200.00,MO
Promethei Planum,-79.18,88.36,831280.00,3396200.00,ME
Promethei Rupes,-75.54,90.24,1379210.00,3396200.00,AA
Promethei Sinus,-64.74,80.00,0.00,3396200.00,AA
Promethei Terra,-64.37,97.00,3244300.00,3396200.00,ME
Propontis,44.66,175.00,0.00,3396200.00,AA
Protei Regio,-22.76,310.00,0.00,3396200.00,AA
Protonilus,41.66,45.00,0.00,3396200.00,AA
Protonilus Mensae,43.87,48.86,1033970.00,3396200.00,AA
Protva Valles,-29.11,299.42,259710.00,3396200.00,ME
Ptolemaeus,-45.88,202.40,165180.00,3396200.00,AA
Pulawy,-36.41,283.38,51840.00,3396200.00,AA
Púnsk,20.62,318.87,11240.00,3396200.00,AA
Pursat,-37.36,130.76,17550.00,3396200.00,AA
Puyo,83.93,137.26,9940.00,3396200.00,AA
Pylos,16.79,329.92,18940.00,3396200.00,AA
Pyramus Fossae,50.39,66.31,298180.00,3396200.00,ME
Pyrrhae Chaos,-10.46,331.60,162350.00,3396200.00,AA
Pyrrhae Regio,-14.83,322.00,0.00,3396200.00,AA
Qibā,17.13,103.09,4080.00,3396200.00,AA
Quenisset,34.27,40.67,136660.00,3396200.00,AA
Quick,18.19,310.75,13310.00,3396200.00,AA
Quines,-41.86,89.25,10750.00,3396200.00,AA
Quorn,-5.56,326.38,6330.00,3396200.00,AA
Quthing,0.40,149.29,15590.00,3396200.00,AA
Rabe,-43.61,34.91,106950.00,3396200.00,AA
Radau,16.95,355.29,109960.00,3396200.00,AA
Raga,-48.10,242.42,3430.00,3396200.00,AA
Rahe,25.05,262.52,34440.00,3396200.00,AA
Rahway Valles,8.46,173.58,346190.00,3396200.00,ME
Rakke,-4.57,316.64,18470.00,3396200.00,AA
Rana,-25.59,338.20,12330.00,3396200.00,AA
Raub,42.38,135.11,6950.00,3396200.00,AA
Rauch,21.56,301.87,32900.00,3396200.00,AA
Ravius Valles,46.12,249.83,388180.00,3396200.00,ME
Ravi Vallis,-0.42,319.52,148780.00,3396200.00,ME
Rayadurg,-18.45,102.43,21380.00,3396200.00,AA
Rayleigh,-75.57,118.94,125660.00,3396200.00,AA
Redi,-60.33,92.80,60310.00,3396200.00,AA
Renaudot,42.04,62.68,63740.00,3396200.00,AA
Rengo,-43.45,316.37,13700.00,3396200.00,AA
Resen,-27.94,108.87,7400.00,3396200.00,AA
Reull Vallis,-42.14,104.95,1051940.00,3396200.00,ME
Reutov,-45.07,202.29,18020.00,3396200.00,AA
Reuyl,-9.63,166.93,84270.00,3396200.00,AA
Revda,-24.28,331.50,26600.00,3396200.00,AA
Reykholt,40.48,273.86,52170.00,3396200.00,AA
Reynolds,-74.99,202.41,90690.00,3396200.00,AA
Rhabon Valles,21.21,268.73,245000.00,3396200.00,ME
Ribe,16.49,330.84,11140.00,3396200.00,AA
Richardson,-72.47,180.14,89000.00,3396200.00,AA
Rimac,44.97,136.06,7290.00,3396200.00,AA
Rincon,-8.00,316.99,13360.00,3396200.00,AA
Ritchey,-28.42,309.01,77230.00,3396200.00,AA
Robert Sharp,-4.17,133.42,152080.00,3396200.00,AA
Roddenberry,-49.37,355.57,139150.00,3396200.00,AA
Roddy,-21.65,320.61,85820.00,3396200.00,AA
Romny,-25.40,341.83,5390.00,3396200.00,AA
Rong,22.46,314.65,8920.00,3396200.00,AA
Rongxar,26.33,304.56,21630.00,3396200.00,AA
Roseau,-41.69,150.57,6490.00,3396200.00,AA
Ross,-57.39,252.16,82510.00,3396200.00,AA
Rossby,-47.52,167.92,80420.00,3396200.00,AA
Rubicon Valles,44.41,242.48,308210.00,3396200.00,ME
Ruby,-25.24,342.93,26430.00,3396200.00,AA
Rudaux,38.03,50.96,107180.00,3396200.00,AA
Runanga,-26.64,75.96,41360.00,3396200.00,AA
Runa Vallis,-28.34,323.29,36000.00,3396200.00,ME
Rupes Tenuis,81.60,274.53,669030.00,3396200.00,AA
Russell,-54.50,12.43,135080.00,3396200.00,AA
Rutherford,19.03,349.41,107080.00,3396200.00,AA
Ruza,-34.00,307.28,22250.00,3396200.00,AA
Rynok,44.13,121.76,8490.00,3396200.00,AA
Rypin,-1.28,319.11,18180.00,3396200.00,AA
Sabis Vallis,-5.01,207.49,212910.00,3396200.00,ME
Sabo,25.17,311.06,4390.00,3396200.00,AA
Sabrina Vallis,10.99,310.96,280000.00,3396200.00,ME
Sacra Dorsa,11.21,293.91,1416000.00,3396200.00,AA
Sacra Fossae,20.36,290.00,950000.00,3396200.00,ME
Sacra Mensa,24.64,291.78,577000.00,3396200.00,AA
Sacra Sulci,22.16,285.30,1009050.00,3396200.00,AA
Sagan,10.72,329.40,90260.00,3396200.00,AA
Saheki,-21.74,73.14,82440.00,3396200.00,AA
Salaga,-47.19,308.89,28030.00,3396200.00,AA
Samara Valles,-24.17,341.27,661840.00,3396200.00,ME
Sandila,-25.56,329.65,13320.00,3396200.00,AA
Sangar,-27.53,335.66,30330.00,3396200.00,AA
San Juan,22.87,311.96,1230.00,3396200.00,AA
Santaca,-41.06,87.37,15850.00,3396200.00,AA
Santa Cruz,21.25,312.74,1350.00,3396200.00,AA
Santa Fe,19.28,312.05,20300.00,3396200.00,AA
Saravan,-16.93,305.98,46890.00,3396200.00,AA
Sarh,-64.85,345.42,50270.00,3396200.00,AA
Sarn,-77.34,305.28,11370.00,3396200.00,AA
Sarno,-44.37,305.85,20290.00,3396200.00,AA
Satka,-42.68,323.06,18800.00,3396200.00,AA
Sauk,-44.67,327.44,3080.00,3396200.00,AA
Savannah,22.02,312.22,1340.00,3396200.00,AA
Savich,-27.49,96.12,179060.00,3396200.00,AA
Say,-28.07,330.33,13590.00,3396200.00,AA
Scamander Vallis,15.89,28.53,269000.00,3396200.00,ME
Scandia,60.21,212.10,0.00,3396200.00,AA
Scandia Cavi,77.55,209.65,663800.00,3396200.00,AA
Scandia Colles,65.47,220.87,1521680.00,3396200.00,AA
Scandia Tholi,73.91,201.28,398270.00,3396200.00,AA
Schaeberle,-24.37,50.23,158670.00,3396200.00,AA
Schiaparelli,-2.71,16.77,458520.00,3396200.00,AA
Schmidt,-72.07,282.10,201350.00,3396200.00,AA
Schöner,19.93,50.70,198960.00,3396200.00,AA
Schroeter,-1.90,55.99,291590.00,3396200.00,AA
Scylla Scopulus,-25.22,18.34,476910.00,3396200.00,AA
Sebec,-39.50,99.41,63540.00,3396200.00,AA
Secchi,-57.84,102.15,223410.00,3396200.00,AA
Sefadu,28.74,325.03,10840.00,3396200.00,AA
Semeykin,41.51,8.75,73510.00,3396200.00,AA
Seminole,-24.18,340.89,20640.00,3396200.00,AA
Senus Vallis,-5.23,213.04,22180.00,3396200.00,ME
Sepik Vallis,-1.01,294.27,59000.00,3396200.00,ME
Sevel,79.21,323.78,7390.00,3396200.00,AA
Sevi,18.89,103.03,3200.00,3396200.00,AA
Sfax,-7.67,316.58,6700.00,3396200.00,AA
Shalbatana Vallis,7.33,317.91,1029000.00,3396200.00,ME
Shambe,-20.58,329.31,35580.00,3396200.00,AA
Shardi,10.05,344.68,16710.00,3396200.00,AA
Sharonov,27.00,301.47,99920.00,3396200.00,AA
Shatskiy,-32.36,345.11,69460.00,3396200.00,AA
Shawnee,22.49,328.49,16710.00,3396200.00,AA
Sian,19.96,312.00,4060.00,3396200.00,AA
Sibu,-23.02,340.28,17630.00,3396200.00,AA
Sibut,9.68,310.65,22180.00,3396200.00,AA
Sigli,-20.31,329.19,30300.00,3396200.00,AA
Silinka Vallis,9.13,331.95,150930.00,3396200.00,ME
Siloe Patera,35.30,6.55,39080.00,3396200.00,AA
Simois Colles,-37.72,183.41,86940.00,3396200.00,AA
Simud Valles,19.09,321.99,987990.00,3396200.00,ME
Sinai,-19.78,290.00,0.00,3396200.00,AA
Sinai Dorsa,-12.77,281.08,456540.00,3396200.00,AA
Sinai Fossae,-14.08,281.33,589150.00,3396200.00,ME
Sinai Planum,-13.72,272.24,901440.00,3396200.00,ME
Sinda,15.75,111.28,6670.00,3396200.00,AA
Singa,-22.43,342.67,13140.00,3396200.00,AA
Sinop,-23.28,110.62,14720.00,3396200.00,AA
Sinton,40.75,31.73,62800.00,3396200.00,AA
Sinus Meridiani,-4.94,360.00,0.00,3396200.00,AA
Sinus Sabaeus,-7.91,20.00,0.00,3396200.00,AA
Sirenum Fossae,-35.57,197.26,2731210.00,3396200.00,ME
Sirenum Mons,-38.22,212.15,122860.00,3396200.00,MO
Sirenum Tholus,-34.64,215.21,53900.00,3396200.00,AA
Sisyphi Cavi,-72.20,353.70,423630.00,3396200.00,AA
Sisyphi Montes,-69.65,13.08,200000.00,3396200.00,AA
Sisyphi Planum,-69.64,6.41,1032870.00,3396200.00,ME
Sisyphi Tholus,-75.68,341.47,27520.00,3396200.00,AA
Sithonius Lacus,44.66,115.00,0.00,3396200.00,AA
Sitka,-4.28,320.77,16890.00,3396200.00,AA
Siton Undae,75.55,297.28,222970.00,3396200.00,AA
Sitrah,-59.09,217.72,33090.00,3396200.00,AA
Sklodowska,33.52,357.05,109720.00,3396200.00,AA
Slipher,-47.34,275.54,127140.00,3396200.00,AA
Smith,-65.76,257.27,74330.00,3396200.00,AA
Soffen,-23.73,140.86,58310.00,3396200.00,AA
Sögel,21.43,304.85,28450.00,3396200.00,AA
Sokol,-42.37,319.32,22180.00,3396200.00,AA
Solano,-26.74,108.95,9000.00,3396200.00,AA
Solis Dorsa,-22.88,280.26,779500.00,3396200.00,AA
Solis Lacus,-27.72,270.00,0.00,3396200.00,AA
Solis Planum,-26.40,270.33,1811230.00,3396200.00,ME
Somerset,-9.73,308.74,3330.00,3396200.00,AA
Soochow,16.73,331.18,30060.00,3396200.00,AA
Souris,19.47,113.31,2930.00,3396200.00,AA
South,-76.94,21.91,101840.00,3396200.00,AA
Spallanzani,-58.01,86.38,71690.00,3396200.00,AA
Spry,-3.70,321.57,7670.00,3396200.00,AA
Spur,22.02,307.74,8090.00,3396200.00,AA
Srīpur,-30.74,259.29,22990.00,3396200.00,AA
Stege,3.75,300.50,76440.00,3396200.00,AA
Steinheim,54.57,190.65,11280.00,3396200.00,AA
Steno,-67.75,244.63,103540.00,3396200.00,AA
Stobs,-4.96,321.70,12060.00,3396200.00,AA
Stokes,55.63,171.29,62740.00,3396200.00,AA
Ston,46.87,122.55,6490.00,3396200.00,AA
Stoney,-69.61,221.49,161370.00,3396200.00,AA
Stura Vallis,22.71,142.47,75000.00,3396200.00,ME
Stygis Catena,23.25,150.57,65380.00,3396200.00,AA
Stygis Fossae,26.92,149.83,385000.00,3396200.00,ME
Styx,29.71,160.00,0.00,3396200.00,AA
Styx Dorsum,30.81,151.86,90670.00,3396200.00,AA
Suata,-18.91,106.67,23900.00,3396200.00,AA
Subur Vallis,11.63,306.85,26200.00,3396200.00,ME
Sucre,23.69,305.41,13560.00,3396200.00,AA
Suess,-66.88,181.51,71900.00,3396200.00,AA
Sūf,16.34,321.78,9410.00,3396200.00,AA
Sulak,18.17,281.39,25000.00,3396200.00,AA
Sulci Gordii,19.02,234.27,400000.00,3396200.00,AA
Sumgin,-36.53,311.33,78600.00,3396200.00,AA
Sungari Vallis,-40.33,88.50,344820.00,3396200.00,ME
Surinda Valles,-28.80,324.89,80070.00,3396200.00,ME
Surius Vallis,-61.20,311.28,30760.00,3396200.00,ME
Surt,16.85,329.36,9850.00,3396200.00,AA
Suzhi,-27.41,86.10,24630.00,3396200.00,AA
Swanage,26.45,326.33,18680.00,3396200.00,AA
Syria,-19.78,260.00,0.00,3396200.00,AA
Syria Mons,-13.88,255.73,73470.00,3396200.00,MO
Syria Planum,-12.09,256.10,735740.00,3396200.00,ME
Syrtis Major,9.88,70.00,0.00,3396200.00,AA
[Syrtis Major Planitia],9.39,69.50,1262000.00,3396200.00,ME
Syrtis Major Planum,9.20,67.10,1214860.00,3396200.00,ME
Sytinskaya,42.42,306.94,89160.00,3396200.00,AA
Tábor,-35.50,301.67,19110.00,3396200.00,AA
Tabou,-45.10,324.96,7680.00,3396200.00,AA
Tader Valles,-48.78,207.70,200000.00,3396200.00,ME
Taejin,-35.20,85.66,28060.00,3396200.00,AA
Tagus Valles,-6.68,114.54,144580.00,3396200.00,ME
Tak,-26.02,331.35,5210.00,3396200.00,AA
Tala,-20.34,112.79,8510.00,3396200.00,AA
Talsi,-41.53,310.63,9590.00,3396200.00,AA
Tame,-22.73,252.01,13800.00,3396200.00,AA
Tanaica Montes,39.55,269.17,178550.00,3396200.00,AA
Tanais,49.67,290.00,0.00,3396200.00,AA
Tanais Fossae,38.74,273.51,172950.00,3396200.00,ME
Tana Vallis,4.78,332.11,56510.00,3396200.00,ME
Tantalus Fluctus,35.93,264.32,794340.00,3396200.00,AA
Tantalus Fossae,49.83,263.91,2361860.00,3396200.00,ME
Tara,-44.01,307.16,32940.00,3396200.00,AA
Tarakan,-41.21,329.56,39310.00,3396200.00,AA
Tarata,-3.78,318.78,12270.00,3396200.00,AA
Tarma,16.54,109.85,9000.00,3396200.00,AA
Tarrafal,24.26,340.82,4890.00,3396200.00,AA
Tarsus,23.12,319.74,18550.00,3396200.00,AA
Tartarus Colles,21.24,175.19,1672690.00,3396200.00,AA
Tartarus Montes,15.46,167.54,1086460.00,3396200.00,AA
Tartarus Rupes,-6.50,175.71,97460.00,3396200.00,AA
Tartarus Scopulus,-4.23,177.25,251310.00,3396200.00,AA
Taus Vallis,-4.85,211.68,10400.00,3396200.00,ME
Tavua,15.62,117.61,31560.00,3396200.00,AA
Taxco,20.67,319.87,17360.00,3396200.00,AA
Taytay,7.39,340.40,18170.00,3396200.00,AA
Taza,-43.57,314.70,24280.00,3396200.00,AA
Tecolote,-24.55,253.16,47930.00,3396200.00,AA
Teisserenc de Bort,0.43,45.07,114890.00,3396200.00,AA
Tejn,15.39,106.42,3770.00,3396200.00,AA
Telz,21.16,111.12,3190.00,3396200.00,AA
Tem',41.91,350.55,5880.00,3396200.00,AA
Tempe,39.67,290.00,0.00,3396200.00,AA
Tempe Colles,33.75,277.44,34490.00,3396200.00,AA
Tempe Fossae,40.42,288.60,2116240.00,3396200.00,ME
Tempe Mensa,27.94,288.41,55390.00,3396200.00,AA
Tempe Terra,38.69,289.39,1954940.00,3396200.00,ME
Tenuis Cavus,84.76,1.39,51530.00,3396200.00,AA
Tenuis Mensa,81.13,267.04,120920.00,3396200.00,AA
Tepko,15.21,103.51,3980.00,3396200.00,AA
Terby,-27.96,74.14,171500.00,3396200.00,AA
Termes Vallis,-11.11,202.99,55600.00,3396200.00,ME
Terra Cimmeria,-32.68,147.75,5855870.00,3396200.00,ME
[Terra Meridiani],-7.12,4.00,1622000.00,3396200.00,ME
Terra Sabaea,2.72,51.30,4688440.00,3396200.00,ME
Terra Sirenum,-39.49,205.85,3635180.00,3396200.00,ME
Teviot Vallis,-43.37,102.26,143890.00,3396200.00,ME
Tharsis,0.00,260.00,0.00,3396200.00,AA
Tharsis Montes,1.57,247.42,2058910.00,3396200.00,AA
Tharsis Tholus,13.25,269.31,149300.00,3396200.00,AA
Thaumasia,-34.68,275.00,0.00,3396200.00,AA
Thaumasia Fossae,-47.75,268.95,996180.00,3396200.00,ME
Thaumasia Planum,-21.66,294.78,799600.00,3396200.00,ME
Thermia,19.67,109.17,2760.00,3396200.00,AA
Thila,18.11,155.52,5370.00,3396200.00,AA
Thira,-14.47,175.98,21840.00,3396200.00,AA
Thom,-41.11,92.35,22060.00,3396200.00,AA
Thoth,29.71,105.00,0.00,3396200.00,AA
Thule,-23.37,334.28,13070.00,3396200.00,AA
[Thyles Chasma],-70.79,127.50,235000.00,3396200.00,AA
Thyles Montes,-69.88,126.54,380000.00,3396200.00,AA
Thyles Rupes,-69.32,132.28,548750.00,3396200.00,AA
Thymiamata,9.88,350.00,0.00,3396200.00,AA
Tibrikot,12.56,305.13,59080.00,3396200.00,AA
Tignish,-30.74,87.04,20980.00,3396200.00,AA
Tigre Valles,-12.02,322.91,102820.00,3396200.00,ME
Tikhonravov,13.28,35.93,343700.00,3396200.00,AA
Tikhov,-50.68,105.80,110070.00,3396200.00,AA
Tile,17.73,331.38,8470.00,3396200.00,AA
Timaru,-25.27,337.66,18400.00,3396200.00,AA
Timbuktu,-5.56,322.48,65680.00,3396200.00,AA
Timoshenko,41.76,296.00,86110.00,3396200.00,AA
Tinia Valles,-4.61,211.12,17830.00,3396200.00,ME
Tinjar Valles,37.54,124.27,400580.00,3396200.00,ME
Tinto Vallis,-3.97,111.50,191970.00,3396200.00,ME
Tisia Valles,-10.75,46.72,384050.00,3396200.00,ME
[Tithoniae Catena],-5.44,278.00,380000.00,3396200.00,AA
Tithoniae Catenae,-5.50,278.18,562000.00,3396200.00,AA
Tithoniae Fossae,-4.32,276.96,838000.00,3396200.00,ME
[Tithoniae Fossae],-6.33,277.50,492000.00,3396200.00,ME
Tithonium Chasma,-4.60,275.71,802780.00,3396200.00,AA
Tithonius Lacus,-4.94,275.00,0.00,3396200.00,AA
Tiu Valles,16.23,325.14,1720000.00,3396200.00,ME
Tivat,-45.93,9.53,3620.00,3396200.00,AA
Tivoli,-14.33,100.91,32800.00,3396200.00,AA
Tiwi,-27.56,335.24,21150.00,3396200.00,AA
Toconao,-20.85,285.31,17160.00,3396200.00,AA
Tokko,22.55,109.52,2700.00,3396200.00,AA
Tokma,21.31,108.57,3280.00,3396200.00,AA
Tolon,18.23,104.98,2640.00,3396200.00,AA
Tomari,19.98,113.78,5290.00,3396200.00,AA
Tombaugh,3.56,161.92,59840.00,3396200.00,AA
Tombe,-42.40,315.45,5990.00,3396200.00,AA
Tomini,16.26,125.88,7770.00,3396200.00,AA
[Tōno],-44.86,307.80,10000.00,3396200.00,AA
Tooting,23.21,207.76,27860.00,3396200.00,AA
Torbay,17.87,114.08,6330.00,3396200.00,AA
Toro,17.04,71.82,41400.00,3396200.00,AA
Torsö,-44.29,308.82,15300.00,3396200.00,AA
Torup,-27.89,97.81,42720.00,3396200.00,AA
Tractus Albus,29.71,280.00,0.00,3396200.00,AA
Tractus Catena,27.00,257.21,910570.00,3396200.00,AA
Tractus Fossae,25.89,258.72,403060.00,3396200.00,ME
Trebia Valles,32.08,150.12,179800.00,3396200.00,ME
Trinacria,-24.74,92.00,0.00,3396200.00,AA
Trinidad,-23.38,109.05,27910.00,3396200.00,AA
Triolet,-37.09,191.98,12140.00,3396200.00,AA
Trivium Charontis,19.78,162.00,0.00,3396200.00,AA
Troika,16.83,105.14,13430.00,3396200.00,AA
Trouvelot,16.09,347.02,148770.00,3396200.00,AA
Troy,23.17,307.38,9590.00,3396200.00,AA
Trud,17.68,328.41,2440.00,3396200.00,AA
Trumpler,-61.43,209.29,75350.00,3396200.00,AA
Tsau,49.49,121.06,6610.00,3396200.00,AA
Tsukuba,48.58,134.00,1860.00,3396200.00,AA
Tuapi,16.98,104.34,4480.00,3396200.00,AA
Tugaske,-31.78,258.89,30890.00,3396200.00,AA
Tumul,14.71,104.61,8680.00,3396200.00,AA
Tungla,-40.77,89.64,16610.00,3396200.00,AA
Tura,-26.63,338.02,14810.00,3396200.00,AA
Turbi,-40.62,308.55,30590.00,3396200.00,AA
Turma,17.31,108.11,6680.00,3396200.00,AA
Tuscaloosa,-0.02,28.73,59660.00,3396200.00,AA
Tuskegee,-2.80,323.91,62880.00,3396200.00,AA
Tycho Brahe,-49.41,146.12,105270.00,3396200.00,AA
Tyndall,39.73,169.97,83050.00,3396200.00,AA
Tyras Vallis,8.33,309.85,99130.00,3396200.00,ME
Tyrrhena Dorsa,-24.20,115.72,779400.00,3396200.00,AA
Tyrrhena Fossae,-22.23,105.80,305550.00,3396200.00,ME
[Tyrrhena Mons],-24.15,101.10,107000.00,3396200.00,MO
Tyrrhena Patera,-21.39,106.63,12640.00,3396200.00,AA
Tyrrhena Terra,-11.90,88.84,2470140.00,3396200.00,ME
Tyrrhenus Labyrinthus,-16.18,101.12,102680.00,3396200.00,AA
Tyrrhenus Mons,-21.63,105.88,269770.00,3396200.00,MO
Tyuratam,-45.04,202.04,300.00,3396200.00,AA
Uchronia,69.78,100.00,0.00,3396200.00,AA
Udzha,81.92,77.35,42870.00,3396200.00,AA
Ultima Lingula,-76.32,142.56,551280.00,3396200.00,AA
[Ultimi Cavi],-74.32,155.50,320000.00,3396200.00,AA
Ultimi Scopuli,-77.88,179.04,560470.00,3396200.00,AA
Ultimum Chasma,-81.10,151.37,322090.00,3396200.00,AA
Ulu,22.49,107.32,3430.00,3396200.00,AA
Ulya,-17.90,111.68,8020.00,3396200.00,AA
Ulysses Colles,6.14,236.91,84810.00,3396200.00,AA
Ulysses Fossae,9.95,236.93,849940.00,3396200.00,ME
Ulysses Patera,2.95,238.58,57860.00,3396200.00,AA
Ulysses Tholus,2.96,238.50,102470.00,3396200.00,AA
Ulyxis Rupes,-68.78,160.02,383090.00,3396200.00,AA
Umatac,42.52,137.26,17160.00,3396200.00,AA
Umbra,49.67,70.00,0.00,3396200.00,AA
Uranius Dorsum,23.79,284.96,542080.00,3396200.00,AA
Uranius Fossae,25.29,269.87,394110.00,3396200.00,ME
Uranius Mons,26.90,267.85,265170.00,3396200.00,MO
Uranius Patera,26.32,267.20,114000.00,3396200.00,AA
Uranius Tholus,26.25,262.43,61390.00,3396200.00,AA
Urk,23.11,111.42,2890.00,3396200.00,AA
Utan,24.24,113.81,4730.00,3396200.00,AA
Utopia,49.67,110.00,0.00,3396200.00,AA
Utopia Planitia,46.74,117.52,3560450.00,3396200.00,ME
Utopia Rupes,43.53,86.03,2492680.00,3396200.00,AA
Uzboi Vallis,-29.46,323.02,353530.00,3396200.00,ME
Uzer,-1.22,358.25,9240.00,3396200.00,AA
Vaals,-3.96,327.03,10850.00,3396200.00,AA
Vaduz,38.24,15.79,2000.00,3396200.00,AA
Valga,-44.32,323.36,15700.00,3396200.00,AA
Valles Marineris,-14.01,301.41,3761280.00,3396200.00,ME
Valverde,20.10,304.24,34920.00,3396200.00,AA
Varus Valles,-8.57,204.01,90120.00,3396200.00,ME
Vastitas Borealis,87.73,32.53,2002910.00,3396200.00,AA
Vätö,-43.61,306.31,17240.00,3396200.00,AA
Vaux,17.96,327.21,5990.00,3396200.00,AA
Vedra Valles,19.12,304.52,118000.00,3396200.00,ME
Verde Vallis,-0.50,29.88,133000.00,3396200.00,ME
Verlaine,-9.22,64.12,38840.00,3396200.00,AA
Vernal,5.90,355.55,55510.00,3396200.00,AA
Very,-49.17,182.97,114810.00,3396200.00,AA
Viana,19.18,104.81,29030.00,3396200.00,AA
Vichada Valles,-19.87,88.13,438310.00,3396200.00,ME
Victoria,-2.05,354.50,880.00,3396200.00,AA
Vik,-36.09,296.06,22320.00,3396200.00,AA
Vils,39.04,348.32,6680.00,3396200.00,AA
Vinogradov,-19.83,322.26,209660.00,3396200.00,AA
Vinogradsky,-56.13,143.85,66260.00,3396200.00,AA
Virrat,-30.73,257.12,50670.00,3396200.00,AA
Vishniac,-76.52,84.12,80470.00,3396200.00,AA
Vistula Valles,13.41,308.03,193000.00,3396200.00,ME
Vivero,48.97,118.83,27130.00,3396200.00,AA
Voeykov,-32.11,283.86,75450.00,3396200.00,AA
Vogel,-36.77,346.72,120690.00,3396200.00,AA
Volgograd,48.10,135.03,1590.00,3396200.00,AA
Vol'sk,23.00,308.76,8460.00,3396200.00,AA
Von Kármán,-64.27,301.30,90290.00,3396200.00,AA
Voo,-26.94,340.01,2130.00,3396200.00,AA
Voza,23.34,306.47,2710.00,3396200.00,AA
Vulcani Pelagus,-34.68,345.00,0.00,3396200.00,AA
Wabash,21.36,326.36,40710.00,3396200.00,AA
Wafra,4.25,148.54,30190.00,3396200.00,AA
Wahoo,23.23,326.32,63070.00,3396200.00,AA
Waikato Vallis,-33.33,113.78,228030.00,3396200.00,ME
Wajir,-27.02,105.54,11850.00,3396200.00,AA
Wallace,-52.48,110.90,170780.00,3396200.00,AA
Walla Walla Vallis,-9.88,305.54,22990.00,3396200.00,ME
Wallops,46.59,132.72,1840.00,3396200.00,AA
Wallula,-9.92,305.60,12130.00,3396200.00,AA
Warra,20.75,322.37,10120.00,3396200.00,AA
Warrego Valles,-41.84,267.85,205080.00,3396200.00,ME
Waspam,20.45,303.37,41600.00,3396200.00,AA
Wassamu,25.57,306.79,16300.00,3396200.00,AA
Wau,-44.86,317.39,6790.00,3396200.00,AA
Weert,19.71,308.31,9490.00,3396200.00,AA
Wegener,-64.30,355.93,68510.00,3396200.00,AA
Weinbaum,-65.53,114.57,82010.00,3396200.00,AA
Wells,-59.94,122.40,98280.00,3396200.00,AA
Wer,45.67,353.81,3210.00,3396200.00,AA
Wicklow,-2.01,319.47,21500.00,3396200.00,AA
Wien,-10.57,139.75,115140.00,3396200.00,AA
Williams,-18.39,195.86,123200.00,3396200.00,AA
Wilmington,21.60,312.53,1350.00,3396200.00,AA
Wiltz,15.54,159.21,1260.00,3396200.00,AA
Windfall,-2.09,316.67,17550.00,3396200.00,AA
Wink,-6.51,318.66,10160.00,3396200.00,AA
Winslow,-3.74,59.16,1080.00,3396200.00,AA
Wirtz,-48.24,334.14,120260.00,3396200.00,AA
Wislicenus,-18.17,11.39,140150.00,3396200.00,AA
W. Mareotis Tholus,35.56,272.04,13190.00,3396200.00,AA
Woking,5.12,82.99,9530.00,3396200.00,AA
Woolgar,34.66,274.55,15310.00,3396200.00,AA
Woomera,48.07,132.62,2260.00,3396200.00,AA
Worcester,26.61,309.63,24050.00,3396200.00,AA
Wright,-58.51,208.99,113780.00,3396200.00,AA
Wukari,-31.81,257.20,38210.00,3396200.00,AA
[Wum],15.92,113.80,0.00,3396200.00,AA
Wynn-Williams,-55.10,60.21,66310.00,3396200.00,AA
Xainza,0.78,356.06,23960.00,3396200.00,AA
Xanthe,9.88,310.00,0.00,3396200.00,AA
Xanthe Chaos,11.87,317.78,34370.00,3396200.00,AA
Xanthe Dorsa,35.90,325.96,0.00,3396200.00,AA
Xanthe Montes,18.13,305.08,499320.00,3396200.00,AA
Xanthe Scopulus,19.38,307.49,59480.00,3396200.00,AA
Xanthe Terra,1.60,311.95,1867650.00,3396200.00,ME
Xui,15.09,112.63,3150.00,3396200.00,AA
Yakima,43.03,356.85,12530.00,3396200.00,AA
Yala,17.37,321.42,19650.00,3396200.00,AA
Yalata,21.81,106.17,4740.00,3396200.00,AA
Yalgoo,4.93,84.23,17380.00,3396200.00,AA
Yaonis Regio,-39.67,40.00,0.00,3396200.00,AA
Yar,22.27,320.85,6180.00,3396200.00,AA
Yaren,-43.88,222.55,9190.00,3396200.00,AA
Yat,18.13,330.97,7460.00,3396200.00,AA
Yebra,20.79,105.69,4850.00,3396200.00,AA
Yegros,-22.30,336.34,13980.00,3396200.00,AA
Yellowknife,-4.58,137.44,120.00,3396200.00,AA
Yorktown,22.88,311.35,8010.00,3396200.00,AA
Yoro,22.80,331.96,9610.00,3396200.00,AA
Yungay,-43.87,315.25,19690.00,3396200.00,AA
Yuty,22.16,325.91,19060.00,3396200.00,AA
Zarand,-3.41,358.50,2780.00,3396200.00,AA
Zaranj,12.09,113.05,27410.00,3396200.00,AA
Zarqa Valles,0.32,80.59,21370.00,3396200.00,ME
Zea Dorsa,-48.87,80.54,249020.00,3396200.00,AA
Zephyria,0.00,165.00,0.00,3396200.00,AA
Zephyria Fluctus,0.72,155.53,42000.00,3396200.00,AA
Zephyria Mensae,-11.62,171.98,333610.00,3396200.00,AA
Zephyria Planum,-1.08,153.73,575110.00,3396200.00,ME
Zephyria Tholus,-19.75,172.92,35950.00,3396200.00,AA
Zephyrus Fossae,23.93,144.19,306190.00,3396200.00,ME
Zhigou,-29.10,257.41,21860.00,3396200.00,AA
Zilair,-31.81,327.06,46910.00,3396200.00,AA
Zir,18.54,323.46,6160.00,3396200.00,AA
Zongo,-33.76,318.31,46830.00,3396200.00,AA
Žulanka,-2.27,317.84,43120.00,3396200.00,AA
Zumba,-28.67,226.93,2930.00,3396200.00,AA
Zuni,19.22,330.42,24280.00,3396200.00,AA
Zunil,7.70,166.19,10260.00,3396200.00,AA
Zutphen,-13.85,174.32,38290.00,3396200.00,AA
"", 88.0,  0.0,0.0,3396000.0,@#
"", 80.0,  0.0,0.0,3396000.0,@#
"", 70.0,  0.0,0.0,3396000.0,@#
"", 60.0,  0.0,0.0,3396000.0,@#
"", 50.0,  0.0,0.0,3396000.0,@#
"", 40.0,  0.0,0.0,3396000.0,@#
"", 30.0,  0.0,0.0,3396000.0,@#
"", 20.0,  0.0,0.0,3396000.0,@#
"", 10.0,  0.0,0.0,3396000.0,@#
"",  0.0,  0.0,0.0,3396000.0,@#
"",-10.0,  0.0,0.0,3396000.0,@#
"",-20.0,  0.0,0.0,3396000.0,@#
"",-30.0,  0.0,0.0,3396000.0,@#
"",-40.0,  0.0,0.0,3396000.0,@#
"",-50.0,  0.0,0.0,3396000.0,@#
"",-60.0,  0.0,0.0,3396000.0,@#
"",-70.0,  0.0,0.0,3396000.0,@#
"",-80.0,  0.0,0.0,3396000.0,@#
"",-88.0,  0.0,0.0,3396000.0,@#
"",  0.0, 10.0,0.0,3396000.0,@#
"",  0.0, 20.0,0.0,3396000.0,@#
"",  0.0, 30.0,0.0,3396000.0,@#
"",  0.0, 40.0,0.0,3396000.0,@#
"",  0.0, 50.0,0.0,3396000.0,@#
"",  0.0, 60.0,0.0,3396000.0,@#
"",  0.0, 70.0,0.0,3396000.0,@#
"",  0.0, 80.0,0.0,3396000.0,@#
"",  0.0, 90.0,0.0,3396000.0,@#
"",  0.0,100.0,0.0,3396000.0,@#
"",  0.0,110.0,0.0,3396000.0,@#
"",  0.0,120.0,0.0,3396000.0,@#
"",  0.0,130.0,0.0,3396000.0,@#
"",  0.0,140.0,0.0,3396000.0,@#
"",  0.0,150.0,0.0,3396000.0,@#
"",  0.0,160.0,0.0,3396000.0,@#
"",  0.0,170.0,0.0,3396000.0,@#
"",  0.0,180.0,0.0,3396000.0,@#
"170°W",  0.0,-170.0,500000.0,3396000.0,ME
"160°W",  0.0,-160.0,500000.0,3396000.0,ME
"150°W",  0.0,-150.0,500000.0,3396000.0,ME
"140°W",  0.0,-140.0,500000.0,3396000.0,ME
"130°W",  0.0,-130.0,500000.0,3396000.0,ME
"120°W",  0.0,-120.0,500000.0,3396000.0,ME
"110°W",  0.0,-110.0,500000.0,3396000.0,ME
"100°W",  0.0,-100.0,500000.0,3396000.0,ME
 "90°W",  0.0, -90.0,500000.0,3396000.0,ME
 "80°W",  0.0, -80.0,500000.0,3396000.0,ME
 "70°W",  0.0, -70.0,500000.0,3396000.0,ME
 "60°W",  0.0, -60.0,500000.0,3396000.0,ME
 "50°W",  0.0, -50.0,500000.0,3396000.0,ME
 "40°W",  0.0, -40.0,500000.0,3396000.0,ME
 "30°W",  0.0, -30.0,500000.0,3396000.0,ME
 "20°W",  0.0, -20.0,500000.0,3396000.0,ME
 "10°W",  0.0, -10.0,500000.0,3396000.0,ME
  "0°",   0.0,   0.0,500000.0,3396000.0,ME
 "10°E",  0.0, +10.0,500000.0,3396000.0,ME
 "20°E",  0.0, +20.0,500000.0,3396000.0,ME
 "30°E",  0.0, +30.0,500000.0,3396000.0,ME
 "40°E",  0.0, +40.0,500000.0,3396000.0,ME
 "50°E",  0.0, +50.0,500000.0,3396000.0,ME
 "60°E",  0.0, +60.0,500000.0,3396000.0,ME
 "70°E",  0.0, +70.0,500000.0,3396000.0,ME
 "80°E",  0.0, +80.0,500000.0,3396000.0,ME
 "90°E",  0.0, +90.0,500000.0,3396000.0,ME
"100°E",  0.0,+100.0,500000.0,3396000.0,ME
"110°E",  0.0,+110.0,500000.0,3396000.0,ME
"120°E",  0.0,+120.0,500000.0,3396000.0,ME
"130°E",  0.0,+130.0,500000.0,3396000.0,ME
"140°E",  0.0,+140.0,500000.0,3396000.0,ME
"150°E",  0.0,+150.0,500000.0,3396000.0,ME
"160°E",  0.0,+160.0,500000.0,3396000.0,ME
"170°E",  0.0,+170.0,500000.0,3396000.0,ME
"180°",   0.0, 180.0,500000.0,3396000.0,ME
"170°W",+45.0,-170.0,500000.0,3396000.0,ME
"160°W",+45.0,-160.0,500000.0,3396000.0,ME
"150°W",+45.0,-150.0,500000.0,3396000.0,ME
"140°W",+45.0,-140.0,500000.0,3396000.0,ME
"130°W",+45.0,-130.0,500000.0,3396000.0,ME
"120°W",+45.0,-120.0,500000.0,3396000.0,ME
"110°W",+45.0,-110.0,500000.0,3396000.0,ME
"100°W",+45.0,-100.0,500000.0,3396000.0,ME
 "90°W",+45.0, -90.0,500000.0,3396000.0,ME
 "80°W",+45.0, -80.0,500000.0,3396000.0,ME
 "70°W",+45.0, -70.0,500000.0,3396000.0,ME
 "60°W",+45.0, -60.0,500000.0,3396000.0,ME
 "50°W",+45.0, -50.0,500000.0,3396000.0,ME
 "40°W",+45.0, -40.0,500000.0,3396000.0,ME
 "30°W",+45.0, -30.0,500000.0,3396000.0,ME
 "20°W",+45.0, -20.0,500000.0,3396000.0,ME
 "10°W",+45.0, -10.0,500000.0,3396000.0,ME
  "0°", +45.0,   0.0,500000.0,3396000.0,ME
 "10°E",+45.0, +10.0,500000.0,3396000.0,ME
 "20°E",+45.0, +20.0,500000.0,3396000.0,ME
 "30°E",+45.0, +30.0,500000.0,3396000.0,ME
 "40°E",+45.0, +40.0,500000.0,3396000.0,ME
 "50°E",+45.0, +50.0,500000.0,3396000.0,ME
 "60°E",+45.0, +60.0,500000.0,3396000.0,ME
 "70°E",+45.0, +70.0,500000.0,3396000.0,ME
 "80°E",+45.0, +80.0,500000.0,3396000.0,ME
 "90°E",+45.0, +90.0,500000.0,3396000.0,ME
"100°E",+45.0,+100.0,500000.0,3396000.0,ME
"110°E",+45.0,+110.0,500000.0,3396000.0,ME
"120°E",+45.0,+120.0,500000.0,3396000.0,ME
"130°E",+45.0,+130.0,500000.0,3396000.0,ME
"140°E",+45.0,+140.0,500000.0,3396000.0,ME
"150°E",+45.0,+150.0,500000.0,3396000.0,ME
"160°E",+45.0,+160.0,500000.0,3396000.0,ME
"170°E",+45.0,+170.0,500000.0,3396000.0,ME
"180°", +45.0, 180.0,500000.0,3396000.0,ME
"170°W",-45.0,-170.0,500000.0,3396000.0,ME
"160°W",-45.0,-160.0,500000.0,3396000.0,ME
"150°W",-45.0,-150.0,500000.0,3396000.0,ME
"140°W",-45.0,-140.0,500000.0,3396000.0,ME
"130°W",-45.0,-130.0,500000.0,3396000.0,ME
"120°W",-45.0,-120.0,500000.0,3396000.0,ME
"110°W",-45.0,-110.0,500000.0,3396000.0,ME
"100°W",-45.0,-100.0,500000.0,3396000.0,ME
 "90°W",-45.0, -90.0,500000.0,3396000.0,ME
 "80°W",-45.0, -80.0,500000.0,3396000.0,ME
 "70°W",-45.0, -70.0,500000.0,3396000.0,ME
 "60°W",-45.0, -60.0,500000.0,3396000.0,ME
 "50°W",-45.0, -50.0,500000.0,3396000.0,ME
 "40°W",-45.0, -40.0,500000.0,3396000.0,ME
 "30°W",-45.0, -30.0,500000.0,3396000.0,ME
 "20°W",-45.0, -20.0,500000.0,3396000.0,ME
 "10°W",-45.0, -10.0,500000.0,3396000.0,ME
  "0°", -45.0,   0.0,500000.0,3396000.0,ME
 "10°E",-45.0, +10.0,500000.0,3396000.0,ME
 "20°E",-45.0, +20.0,500000.0,3396000.0,ME
 "30°E",-45.0, +30.0,500000.0,3396000.0,ME
 "40°E",-45.0, +40.0,500000.0,3396000.0,ME
 "50°E",-45.0, +50.0,500000.0,3396000.0,ME
 "60°E",-45.0, +60.0,500000.0,3396000.0,ME
 "70°E",-45.0, +70.0,500000.0,3396000.0,ME
 "80°E",-45.0, +80.0,500000.0,3396000.0,ME
 "90°E",-45.0, +90.0,500000.0,3396000.0,ME
"100°E",-45.0,+100.0,500000.0,3396000.0,ME
"110°E",-45.0,+110.0,500000.0,3396000.0,ME
"120°E",-45.0,+120.0,500000.0,3396000.0,ME
"130°E",-45.0,+130.0,500000.0,3396000.0,ME
"140°E",-45.0,+140.0,500000.0,3396000.0,ME
"150°E",-45.0,+150.0,500000.0,3396000.0,ME
"160°E",-45.0,+160.0,500000.0,3396000.0,ME
"170°E",-45.0,+170.0,500000.0,3396000.0,ME
"180°", -45.0, 180.0,500000.0,3396000.0,ME
 "90°N",+90.0,   0.0,500000.0,3396000.0,ME
 "80°N",+80.0,   0.0,500000.0,3396000.0,ME
 "70°N",+70.0,   0.0,500000.0,3396000.0,ME
 "60°N",+60.0,   0.0,500000.0,3396000.0,ME
 "50°N",+50.0,   0.0,500000.0,3396000.0,ME
 "40°N",+40.0,   0.0,500000.0,3396000.0,ME
 "30°N",+30.0,   0.0,500000.0,3396000.0,ME
 "20°N",+20.0,   0.0,500000.0,3396000.0,ME
 "10°N",+10.0,   0.0,500000.0,3396000.0,ME
 "10°S",-10.0,   0.0,500000.0,3396000.0,ME
 "20°S",-20.0,   0.0,500000.0,3396000.0,ME
 "30°S",-30.0,   0.0,500000.0,3396000.0,ME
 "40°S",-40.0,   0.0,500000.0,3396000.0,ME
 "50°S",-50.0,   0.0,500000.0,3396000.0,ME
 "60°S",-60.0,   0.0,500000.0,3396000.0,ME
 "70°S",-70.0,   0.0,500000.0,3396000.0,ME
 "80°S",-80.0,   0.0,500000.0,3396000.0,ME
 "90°S",-90.0,   0.0,500000.0,3396000.0,ME
 "80°N",+80.0, -90.0,500000.0,3396000.0,ME
 "70°N",+70.0, -90.0,500000.0,3396000.0,ME
 "60°N",+60.0, -90.0,500000.0,3396000.0,ME
 "50°N",+50.0, -90.0,500000.0,3396000.0,ME
 "40°N",+40.0, -90.0,500000.0,3396000.0,ME
 "30°N",+30.0, -90.0,500000.0,3396000.0,ME
 "20°N",+20.0, -90.0,500000.0,3396000.0,ME
 "10°N",+10.0, -90.0,500000.0,3396000.0,ME
 "10°S",-10.0, -90.0,500000.0,3396000.0,ME
 "20°S",-20.0, -90.0,500000.0,3396000.0,ME
 "30°S",-30.0, -90.0,500000.0,3396000.0,ME
 "40°S",-40.0, -90.0,500000.0,3396000.0,ME
 "50°S",-50.0, -90.0,500000.0,3396000.0,ME
 "60°S",-60.0, -90.0,500000.0,3396000.0,ME
 "70°S",-70.0, -90.0,500000.0,3396000.0,ME
 "80°S",-80.0, -90.0,500000.0,3396000.0,ME
 "80°N",+80.0, +90.0,500000.0,3396000.0,ME
 "70°N",+70.0, +90.0,500000.0,3396000.0,ME
 "60°N",+60.0, +90.0,500000.0,3396000.0,ME
 "50°N",+50.0, +90.0,500000.0,3396000.0,ME
 "40°N",+40.0, +90.0,500000.0,3396000.0,ME
 "30°N",+30.0, +90.0,500000.0,3396000.0,ME
 "20°N",+20.0, +90.0,500000.0,3396000.0,ME
 "10°N",+10.0, +90.0,500000.0,3396000.0,ME
 "10°S",-10.0, +90.0,500000.0,3396000.0,ME
 "20°S",-20.0, +90.0,500000.0,3396000.0,ME
 "30°S",-30.0, +90.0,500000.0,3396000.0,ME
 "40°S",-40.0, +90.0,500000.0,3396000.0,ME
 "50°S",-50.0, +90.0,500000.0,3396000.0,ME
 "60°S",-60.0, +90.0,500000.0,3396000.0,ME
 "70°S",-70.0, +90.0,500000.0,3396000.0,ME
 "80°S",-80.0, +90.0,500000.0,3396000.0,ME
 "80°N",+80.0, 180.0,500000.0,3396000.0,ME
 "70°N",+70.0, 180.0,500000.0,3396000.0,ME
 "60°N",+60.0, 180.0,500000.0,3396000.0,ME
 "50°N",+50.0, 180.0,500000.0,3396000.0,ME
 "40°N",+40.0, 180.0,500000.0,3396000.0,ME
 "30°N",+30.0, 180.0,500000.0,3396000.0,ME
 "20°N",+20.0, 180.0,500000.0,3396000.0,ME
 "10°N",+10.0, 180.0,500000.0,3396000.0,ME
 "10°S",-10.0, 180.0,500000.0,3396000.0,ME
 "20°S",-20.0, 180.0,500000.0,3396000.0,ME
 "30°S",-30.0, 180.0,500000.0,3396000.0,ME
 "40°S",-40.0, 180.0,500000.0,3396000.0,ME
 "50°S",-50.0, 180.0,500000.0,3396000.0,ME
 "60°S",-60.0, 180.0,500000.0,3396000.0,ME
 "70°S",-70.0, 180.0,500000.0,3396000.0,ME
 "80°S",-80.0, 180.0,500000.0,3396000.0,ME
